CREATE DATABASE  IF NOT EXISTS `windycityliquors` /*!40100 DEFAULT CHARACTER SET utf8 */ /*!80016 DEFAULT ENCRYPTION='N' */;
USE `windycityliquors`;
-- MySQL dump 10.13  Distrib 8.0.26, for Win64 (x86_64)
--
-- Host: localhost    Database: windycityliquors
-- ------------------------------------------------------
-- Server version	8.0.26

/*!40101 SET @OLD_CHARACTER_SET_CLIENT=@@CHARACTER_SET_CLIENT */;
/*!40101 SET @OLD_CHARACTER_SET_RESULTS=@@CHARACTER_SET_RESULTS */;
/*!40101 SET @OLD_COLLATION_CONNECTION=@@COLLATION_CONNECTION */;
/*!50503 SET NAMES utf8 */;
/*!40103 SET @OLD_TIME_ZONE=@@TIME_ZONE */;
/*!40103 SET TIME_ZONE='+00:00' */;
/*!40014 SET @OLD_UNIQUE_CHECKS=@@UNIQUE_CHECKS, UNIQUE_CHECKS=0 */;
/*!40014 SET @OLD_FOREIGN_KEY_CHECKS=@@FOREIGN_KEY_CHECKS, FOREIGN_KEY_CHECKS=0 */;
/*!40101 SET @OLD_SQL_MODE=@@SQL_MODE, SQL_MODE='NO_AUTO_VALUE_ON_ZERO' */;
/*!40111 SET @OLD_SQL_NOTES=@@SQL_NOTES, SQL_NOTES=0 */;

--
-- Table structure for table `clients`
--

DROP TABLE IF EXISTS `clients`;
/*!40101 SET @saved_cs_client     = @@character_set_client */;
/*!50503 SET character_set_client = utf8mb4 */;
CREATE TABLE `clients` (
  `Client_ID` int NOT NULL AUTO_INCREMENT,
  `contact_first_name` varchar(45) NOT NULL,
  `contact_last_name` varchar(45) NOT NULL,
  `address` varchar(45) NOT NULL,
  `city` varchar(45) NOT NULL,
  `state` varchar(2) NOT NULL,
  `zip` varchar(10) NOT NULL,
  `contact_phone` varchar(12) NOT NULL,
  `contact_email` varchar(45) NOT NULL,
  `company` varchar(45) NOT NULL,
  `Employee_ID` tinyint NOT NULL,
  PRIMARY KEY (`Client_ID`),
  KEY `fk_Clients_Employees1_idx` (`Employee_ID`),
  CONSTRAINT `fk_Clients_Employees1` FOREIGN KEY (`Employee_ID`) REFERENCES `sales_reps` (`Employee_ID`) ON DELETE RESTRICT ON UPDATE CASCADE
) ENGINE=InnoDB AUTO_INCREMENT=111 DEFAULT CHARSET=utf8mb3;
/*!40101 SET character_set_client = @saved_cs_client */;

--
-- Dumping data for table `clients`
--

LOCK TABLES `clients` WRITE;
/*!40000 ALTER TABLE `clients` DISABLE KEYS */;
INSERT INTO `clients` VALUES (1,'Ramon','Mathis','1311 Patterson Fork Road','Burr Ridge','IL','60527','312-605-9145','RamonSMathis@fleckens.hu','The Polka Dot Bear Tavern',1),(2,'Ruby','Collins','4259 Dovetail Drive','Buffalo Grove','IL','60089','847-345-9524','RubyTCollins@cuvox.de','Lechters Grill',1),(3,'Larry','Davis','4720 Bolman Court','Springfield','IL','62701','217-303-8343','LarryWDavis@rhyta.com','Expo Superstore',1),(4,'Harold','Moore','226 Kembery Drive','Chicago','IL','60605','630-534-1589','HaroldBMoore@superrito.com','Maloley\'s Finer Foods',1),(5,'Beverly','Perea','176 Little Acres Lane','Mattoon','IL','61938','217-905-9081','BeverlyFPerea@rhyta.com','White Coffee Pot',1),(6,'Corinne','Vanhorn','1030 Trainer Avenue','El Paso','IL','61738','309-527-4977','CorinneSVanhorn@rhyta.com','Walt\'s IGA',1),(7,'Douglas','Wilson','3608 Steele Street','Aurora','IL','60504','630-728-5927','DouglasSWilson@gustr.com','Kinney Shoe Bar',2),(8,'Joseph','Spellman','877 Bolman Court','Springfield','IL','62701','217-360-4207','JosephSSpellman@superrito.com','Capital Grille',2),(9,'Christopher','Fernandez','3978 Pinewood Drive','Wheeling','IL','60090','847-901-2697','ChristopherPFernandez@cuvox.de','Action Tacos',2),(10,'Virginia','Curtis','1481 College View','Edwardsville','IL','62025','618-656-8250','VirginiaCCurtis@fleckens.hu','Dick Fischers',2),(11,'Melody','Bechard','2378 Oakmound Road','Chicago','IL','60643','773-298-3295','MelodyJBechard@gustr.com','Integra Grocery',2),(12,'Dorothy','Smith','4736 Garfield Road','Peoria','IL','61602','309-606-1605','DorothyDSmith@cuvox.de','Burger Chef',3),(13,'Joanna','Thomas','2806 College View','Edwardsville','IL','62025','618-659-0142','JoannaWThomas@rhyta.com','Burgercorp',3),(14,'Ashlie','Edwards','967 Pringle Drive','Chicago','IL','60606','312-372-8671','AshlieJEdwards@gustr.com','Rainbow Foods',3),(15,'Dolores','Rojas','3173 Carter Street','Glenn','IL','62280','618-763-8722','DoloresBRojas@teleworm.us','Miller & Rhoads',3),(16,'Melissa','Heater','2654 Star Route','Cicero','IL','60650','708-652-6563','MelissaJHeater@fleckens.hu','Dee\'s Drive-In',3),(17,'Heidi','Oshea','4245 Arthur Avenue','Freeport','IL','61032','815-840-6713','HeidiBOshea@superrito.com','Chilis',3),(18,'Alyssa','Ewing','3235 Coburn Hollow Road','Minier','IL','61759','309-392-9752','AlyssaJEwing@rhyta.com','Chilis',3),(19,'Terry','Matthews','2802 Garfield Road','Bartonville','IL','61607','309-634-9512','TerryKMatthews@jourrapide.com','Afterthoughts',4),(20,'Ruth','Lowery','1028 Eagle Street','Opdyke','IL','62872','618-315-5045','RuthHLowery@cuvox.de','Present Company',4),(21,'Dawn','Shuster','2264 Eagle Street','Olney','IL','62450','618-395-7657','DawnCShuster@einrot.com','National Pasta',4),(22,'Miguel','Desmond','1011 University Drive','Burr Ridge','IL','61257','312-713-1792','MiguelHDesmond@gustr.com','Licorice Pizza',4),(23,'Michael','Childress','1315 Emeral Dreams Drive','Earlville','IL','60518','815-246-8674','MichaelAChildress@armyspy.com','Chilis',4),(24,'Edgar','Jenkins','2415 Star Route','Chicago','IL','60606','708-536-3760','EdgarAJenkins@gustr.com','Foxmoor',4),(25,'Mark','Higgins','49 Millbrook Road','Burr Ridge','IL','61257','630-828-8461','MarkAHiggins@jourrapide.com','Big Star Markets',5),(26,'Morgan','Morales','4340 Dovetail Drive','Waukegan','IL','60085','847-360-1077','MorganAMorales@cuvox.de','Ole\'s Pub',5),(27,'Sanjuana','Jiron','1487 Davis Court','Centralia','IL','62801','618-929-8211','SanjuanaJJiron@einrot.com','Nutri G',5),(28,'Kenneth','Clark','459 Star Route','Schaumburg','IL','60173','708-624-2356','KennethRClark@armyspy.com','A Plus Hair Care and Drinks',5),(29,'Babara','Knotts','109 Steele Street','Elmhurst','IL','60126','630-669-3969','BabaraJKnotts@rhyta.com','Prestiga-Biz',5),(30,'Tiffanie','Harris','1675 Poplar Street','Wheeling','IL','60090','708-713-7758','TiffanieHHarris@gustr.com','Hooters',6),(31,'Russell','Logan','3735 Isaacs Creek Road','Niota','IL','62358','217-448-4195','RussellGLogan@gustr.com','Perrys',6),(32,'Susana','Todd','59 Hickman Street','Oak Brook','IL','60523','630-478-4327','SusanaGTodd@dayrep.com','Fate',6),(33,'Meda','Bentley','4529 Vine Street','Libertyville','IL','60048','847-680-3658','MedaDBentley@einrot.com','John F. Lawhon',6),(34,'Phyllis','Garofalo','3386 Johnstown Road','Bensenville','IL','60106','847-448-7126','PhyllisBGarofalo@dayrep.com','Kenny Rogers Roasters',6),(35,'Jose','Renfro','4525 University Hill Road','Divernon','IL','62530','217-628-9380','JoseJRenfro@rhyta.com','MVP Sports Bar',6),(36,'Beth','Frias','4065 Ross Street','Waltonville','IL','62894','618-279-9490','BethJFrias@rhyta.com','Century House',7),(37,'Gertrude','Reynolds','3982 Davis Court','Dow','IL','62022','618-885-2576','GertrudeDReynolds@superrito.com','Shoe Kicks and Wings',7),(38,'Margaret','Warnock','1628 Walkers Ridge Way','Burr Ridge','IL','60527','630-266-6706','MargaretLWarnock@einrot.com','Licorice Pizza',7),(39,'Regina','Farley','4055 Eagle Street','Oakdale','IL','62268','618-329-9035','ReginaDFarley@armyspy.com','Asian Solutions',7),(40,'James','Hicks','2981 Spring Street','Champaign','IL','61820','217-771-2533','JamesAHicks@gustr.com','Kelly and Cohen',7),(41,'Delbert','Welch','3637 Oakmound Drive','Chicago','IL','60631','773-414-1324','DelbertHWelch@teleworm.us','Lechters Bar and Grill',8),(42,'Monica','Vick','678 University Hill Road','Champaign','IL','61820','217-552-4451','MonicaHVick@einrot.com','Gamma Grays',8),(43,'Harold','Egan','3721 Vine Street','Chicago','IL','60607','847-607-3059','HaroldJEgan@teleworm.us','Twin Peaks',8),(44,'Mary','Ramirez','4486 Vesta Drive','Hickory Hills','IL','60457','773-662-0555','MaryGRamirez@armyspy.com','Perisolution',8),(45,'Agnes','Eaton','2845 Point Street','Lombard','IL','60148','773-876-4194','AgnesLEaton@armyspy.com','The Polka Dot Bear Tavern',8),(46,'Araceli','Oconnell','2537 College View','Collinsville','IL','62234','618-626-7584','AraceliPOconnell@dayrep.com','The Serendipity Dip',9),(47,'Robert','Miller','280 Dovetail Drive','Elk Grove Village','IL','60007','847-290-7078','RobertCMiller@gustr.com','AppleBees',9),(48,'Michael','McLendon','3745 Point Street','Chicago','IL','60628','773-821-1203','MichaelMMcLendon@armyspy.com','Bar Wag\'s',9),(49,'David','Hughes','4200 Vine Street','Bensenville','IL','60106','847-596-7677','DavidLHughes@cuvox.de','Garden Master',9),(50,'Randy','Friend','2780 Cardinal Lane','Champaign','IL','61820','217-207-2696','RandyRFriend@einrot.com','Avant Garde Party Group',9),(51,'Laura','Montenegro','417 Pinewood Drive','Schaumburg','IL','60173','847-826-2688','LauraPMontenegro@teleworm.us','Twin Peaks',10),(52,'Dave','Scruggs','4512 Pringle Drive','Chicago','IL','60606','312-372-5816','DaveSScruggs@cuvox.de','Briazz',10),(53,'James','Lewis','2677 Bolman Court','Champaign','IL','61820','217-363-4313','JamesSLewis@einrot.com','K\'s',10),(54,'Virginia','Perez','1558 Flinderation Road','Chicago','IL','60631','708-369-4637','VirginiaJPerez@jourrapide.com','Al\'s',10),(55,'Vernon','Phillippi','3135 Johnstown Road','Elk Grove Village','IL','60007','847-472-0137','VernonSPhillippi@einrot.com','Multi-Systems Alcohol Services',10),(56,'Angelo','Jones','1159 Vesta Drive','Chicago','IL','60657','773-755-1215','AngeloWJones@gustr.com','Kessel Food Market',11),(57,'Jon','Reed','2730 Flinderation Road','Bellwood','IL','60104','708-327-0682','JonSReed@jourrapide.com','Bountiful Harvest Health Food Store',11),(58,'Terri','Trejo','3642 Vesta Drive','Chicago','IL','60647','773-772-2273','TerriDTrejo@dayrep.com','MVP Sports Bar',11),(59,'Margaret','Keating','436 Nash Street','Chicago','IL','60605','312-974-6949','MargaretMKeating@armyspy.com','Chilis',11),(60,'Russell','Tarrant','4480 Steele Street','Lombard','IL','60148','630-652-7086','RussellSTarrant@rhyta.com','AppleBees',12),(61,'Patricia','Messmer','4451 Star Route','Hickory Hills','IL','60457','708-606-7810','PatriciaJMessmer@jourrapide.com','Paul\'s Beer Hut',12),(62,'Jena','Dorado','943 Oakmound Road','Lombard','IL','60148','773-297-9508','JenaDDorado@teleworm.us','Gene Walter\'s Marketplace',12),(63,'Terry','Diamond','1948 Apple Lane','Peoria','IL','61602','309-290-0453','TerryWDiamond@dayrep.com','Planetbiz',12),(64,'Edna','Gerber','3328 Garfield Road','Peoria','IL','61602','309-637-3336','EdnaDGerber@teleworm.us','MVP Sports Bar',12),(65,'Anne','Macdonald','4649 Millbrook Road','Bensenville','IL','60106','630-766-4301','AnneKMacdonald@gustr.com','Buttrey Food & Drug',12),(66,'David','Modlin','2921 University Hill Road','Decatur','IL','62522','217-514-0114','DavidJModlin@einrot.com','Gemco',13),(67,'Debra','Gee','2711 Spring Street','Bismarck','IL','61814','217-759-9197','DebraSGee@superrito.com','AppleBees',13),(68,'Otis','Tucker','2686 Rose Street','Northbrook','IL','60062','708-204-4750','OtisATucker@rhyta.com','Twin Peaks',13),(69,'Bonita','Romero','4235 Tator Patch Road','Chicago','IL','60605','312-935-7015','BonitaVRomero@gustr.com','Mr. AG\'s',13),(70,'Carol','McKenna','1958 John Calvin Drive','Schaumburg','IL','60173','708-899-1772','CarolWMcKenna@cuvox.de','Vari-Taco',13),(71,'Peter','Chewning','208 Rebecca Street','Zion','IL','60099','847-731-4204','PeterJChewning@dayrep.com','Mode O\'Day',14),(72,'Kelly','Melton','879 Vine Street','Hickory Hills','IL','60457','847-606-2188','KellyBMelton@rhyta.com','Carsons Ribs',14),(73,'Mary','Reid','4251 Emeral Dreams Drive','Chicago','IL','60607','815-280-0746','MaryCReid@teleworm.us','Quality Event Planner',14),(74,'Carol','Hall','4318 Cecil Street','Buffalo Grove','IL','60089','312-287-8068','CarolMHall@rhyta.com','Lechmere',14),(75,'Gail','Radcliff','3804 Clark Street','Northbrook','IL','60062','630-992-5010','GailRRadcliff@armyspy.com','Solution Bridge',14),(76,'Irene','Demaio','267 Scenic Way','Strasburg','IL','62465','217-644-9851','IreneRDemaio@cuvox.de','Planet Pizza',14),(77,'Leo','Jensen','1240 Ross Street','Beckemeyer','IL','62219','618-227-1445','LeoEJensen@jourrapide.com','Sound Bar',14),(78,'Gregory','Glazier','1300 Patterson Fork Road','Burr Ridge','IL','60527','312-639-6955','GregoryFGlazier@jourrapide.com','Whitlocks Wine',14),(79,'Robert','Powell','2727 Tator Patch Road','Chicago','IL','60606','312-879-0963','RobertBPowell@rhyta.com','AppleBees',15),(80,'Fred','Austin','1234 Spinnaker Lane','Dekalb','IL','60115','815-758-9827','FredCAustin@cuvox.de','House of Tacos',15),(81,'Christopher','Wright','2063 Bolman Court','Mattoon','IL','61938','217-399-6077','ChristopherGWright@gustr.com','Bold Ideas',15),(82,'Geraldine','Beamon','711 Cecil Street','Bensenville','IL','60106','312-260-2049','GeraldineKBeamon@einrot.com','Bugle Boy',15),(83,'Lloyd','Clemons','805 Tator Patch Road','Chicago','IL','60606','312-853-2175','LloydJClemons@rhyta.com','Prestiga-Biz',15),(84,'Elizabeth','Buckle','4913 Cecil Street','Chicago','IL','60601','312-297-5415','ElizabethKBuckle@jourrapide.com','Britches of Georgetown',16),(85,'Franklin','Bernard','2135 Oakmound Road','Chicago','IL','60647','773-252-6475','FranklinSBernard@cuvox.de','Buena Vista Gardens',16),(86,'Ella','Pincus','1804 Cherry Camp Road','Chicago','IL','60605','773-492-7927','EllaWPincus@armyspy.com','DGS',16),(87,'Zachary','Arnold','2247 Pinewood Drive','Elk Grove Village','IL','60007','847-860-7502','ZacharySArnold@rhyta.com','Boston Sea Party',16),(88,'Susan','Sexton','2894 Rose Street','Cicero','IL','60650','708-222-7153','SusanASexton@armyspy.com','Chilis',16),(89,'Rodney','Geise','2470 Millbrook Road','Wheaton','IL','60187','630-752-8874','RodneySGeise@cuvox.de','Monk House',17),(90,'Robert','Ewald','2087 Isaacs Creek Road','Jacksonville','IL','62650','217-407-6361','RobertDEwald@jourrapide.com','Grand Union',17),(91,'George','Murray','4180 Eagle Street','Rice','IL','62274','618-336-3130','GeorgeTMurray@rhyta.com','Jacobs',17),(92,'Maria','Kelly','4226 Thomas Street','Round Lake','IL','60073','847-546-3805','MariaJKelly@einrot.com','Sullivans',17),(93,'Robert','Williams','3482 Cherry Camp Road','Chicago','IL','60618','773-463-3632','RobertJWilliams@einrot.com','Chilis',17),(94,'John','Reed','4218 Johnstown Road','Winnetka','IL','60093','847-446-6616','JohnEReed@armyspy.com','Electric Avenue Comedy Club',18),(95,'Kenneth','Forrester','835 Tator Patch Road','Chicago','IL','60605','312-834-2541','KennethDForrester@cuvox.de','Knockout Kickboxing Bar',18),(96,'Brett','Kelly','3695 Rose Street','Crestwood','IL','60445','708-259-1120','BrettJKelly@gustr.com','Life Map Liquors',18),(97,'Richard','Grossman','32 Flinderation Road','Burr Ridge','IL','60527','708-348-7091','RichardJGrossman@rhyta.com','Endicott Market',18),(98,'Harold','Salmon','1681 Pringle Drive','Chicago','IL','60605','312-376-9252','HaroldCSalmon@armyspy.com','Burger Chef',18),(99,'Marilyn','Crossett','596 Carter Street','Hazelwood','IL','63042','618-772-8808','MarilynHCrossett@jourrapide.com','Twin Peaks',19),(100,'Scarlet','Silvers','3324 Oak Avenue','Chicago','IL','60607','847-964-8082','ScarletLSilvers@armyspy.com','House of Gas Beans',19),(101,'Barbara','Ricketts','393 Lowland Drive','Monroe Center','IL','61052','815-393-2702','BarbaraRRicketts@fleckens.hu','Eli Moore Pubgrill',19),(102,'Sally','King','4130 Ross Street','New Haven','IL','62871','618-265-9033','SallySKing@superrito.com','Twin Peaks',19),(103,'Elizabeth','Rosenthal','533 Simpson Street','Bloomington','IL','61701','309-827-8422','ElizabethBRosenthal@jourrapide.com','MVP Sports Bar',19),(104,'Jason','Montgomery','629 Matthews Street','Chicago','IL','60606','815-587-2019','JasonKMontgomery@cuvox.de','Forum Cafeterias',19),(105,'Katie','Hoffman','2144 Hickman Street','Burr Ridge','IL','60527','630-419-0777','KatieWHoffman@rhyta.com','Newmark & Lewis',20),(106,'Lonnie','Benton','3535 Oakmound Drive','Chicago','IL','60605','773-391-5619','LonnieMBenton@gustr.com','Super Duper',20),(107,'Carlos','Thompson','4677 Cecil Street','Burr Ridge','IL','61257','312-304-0629','CarlosBThompson@fleckens.hu','Newmark & Lewis',20),(108,'Shakita','Higgins','51 Johnstown Road','Barrington','IL','60010','847-381-6362','ShakitaLHiggins@dayrep.com','Access Asia',20),(109,'James','Karnes','597 Butternut Lane','Godfrey','IL','62035','618-467-2486','JamesCKarnes@fleckens.hu','Burger Chef',20),(110,'Theresa','Adams','2431 Coburn Hollow Road','Cropsey','IL','61720','309-377-0927','TheresaFAdams@gustr.com','PriceRite Warehouse Club',20);
/*!40000 ALTER TABLE `clients` ENABLE KEYS */;
UNLOCK TABLES;

--
-- Table structure for table `order_details`
--

DROP TABLE IF EXISTS `order_details`;
/*!40101 SET @saved_cs_client     = @@character_set_client */;
/*!50503 SET character_set_client = utf8mb4 */;
CREATE TABLE `order_details` (
  `quantity` tinyint DEFAULT NULL,
  `Order_ID` int NOT NULL,
  `Product_ID` int NOT NULL,
  KEY `fk_Order_Details_Orders_idx` (`Order_ID`),
  KEY `fk_Order_Details_Products1_idx` (`Product_ID`),
  CONSTRAINT `fk_Order_Details_Orders` FOREIGN KEY (`Order_ID`) REFERENCES `orders` (`Order_ID`) ON DELETE RESTRICT ON UPDATE CASCADE,
  CONSTRAINT `fk_Order_Details_Products1` FOREIGN KEY (`Product_ID`) REFERENCES `products` (`Product_ID`) ON DELETE RESTRICT ON UPDATE CASCADE
) ENGINE=InnoDB DEFAULT CHARSET=utf8mb3;
/*!40101 SET character_set_client = @saved_cs_client */;

--
-- Dumping data for table `order_details`
--

LOCK TABLES `order_details` WRITE;
/*!40000 ALTER TABLE `order_details` DISABLE KEYS */;
INSERT INTO `order_details` VALUES (6,1,13),(2,2,24),(2,3,10),(2,4,31),(3,5,38),(4,6,14),(3,7,4),(6,8,18),(3,9,7),(6,10,34),(6,11,5),(4,12,30),(2,13,21),(6,14,21),(1,15,2),(4,16,18),(1,17,19),(6,18,5),(6,19,15),(1,20,3),(5,21,5),(3,22,28),(5,23,6),(6,24,33),(3,25,6),(2,26,9),(3,27,26),(6,28,25),(1,29,13),(6,30,26),(6,31,38),(1,32,22),(5,33,11),(1,34,33),(6,35,25),(2,36,14),(4,37,17),(6,38,37),(3,39,38),(1,40,2),(4,41,29),(1,42,1),(6,43,30),(3,44,13),(5,45,25),(5,46,4),(2,47,31),(4,48,18),(5,49,27),(2,50,5),(5,51,12),(6,52,12),(3,53,40),(3,54,21),(2,55,16),(4,56,11),(2,57,11),(1,58,10),(4,59,21),(2,60,14),(3,61,17),(3,62,35),(6,63,30),(5,64,33),(4,65,1),(4,66,30),(6,67,3),(3,68,23),(5,69,14),(6,70,10),(6,71,29),(3,72,11),(1,73,8),(4,74,37),(2,75,19),(1,76,13),(2,77,39),(2,78,38),(3,79,27),(3,80,40),(4,81,10),(5,82,13),(1,83,20),(2,84,9),(1,85,14),(6,86,21),(1,87,27),(5,88,9),(3,89,13),(6,90,12),(4,91,34),(3,92,21),(5,93,13),(4,94,7),(3,95,37),(4,96,13),(3,97,21),(1,98,8),(1,99,40),(6,100,20),(2,101,36),(3,102,10),(3,103,39),(2,104,28),(2,105,36),(3,106,25),(3,107,31),(4,108,26),(2,109,11),(2,110,25),(5,111,7),(3,112,24),(4,113,8),(4,114,27),(5,115,24),(1,116,30),(6,117,14),(2,118,23),(6,119,20),(1,120,38),(1,121,31),(4,122,33),(4,123,8),(1,124,20),(4,125,7),(1,126,23),(4,127,2),(1,128,7),(5,129,32),(1,130,17),(6,131,19),(2,132,4),(4,133,30),(1,134,38),(2,135,10),(1,136,30),(6,137,34),(3,138,29),(6,139,13),(2,140,15),(2,141,27),(3,142,18),(4,143,16),(3,144,31),(1,145,2),(6,146,25),(6,147,39),(4,148,16),(6,149,11),(4,150,17),(5,151,4),(2,152,28),(1,153,25),(6,154,39),(6,155,4),(2,156,20),(6,157,15),(4,158,36),(3,159,13),(6,160,7),(6,161,17),(6,162,23),(5,163,19),(6,164,35),(2,165,11),(3,166,14),(4,167,32),(4,168,14),(4,169,26),(5,170,20),(3,171,24),(4,172,32),(2,173,1),(3,174,38),(2,175,15),(2,176,26),(3,177,5),(4,178,3),(2,179,33),(6,180,14),(2,181,10),(5,182,3),(4,183,22),(3,184,23),(3,185,11),(3,186,35),(2,187,3),(5,188,1),(5,189,8),(4,190,39),(6,191,31),(6,192,22),(6,193,28),(1,194,36),(6,195,18),(1,196,2),(2,197,31),(2,198,32),(2,199,29),(5,200,3),(4,201,14),(3,202,32),(2,203,34),(2,204,16),(1,205,36),(1,206,40),(3,207,11),(6,208,40),(5,209,2),(6,210,5),(2,211,28),(2,212,19),(3,213,23),(3,214,35),(6,215,21),(4,216,28),(5,217,32),(2,218,27),(2,219,25),(4,220,32),(3,221,37),(6,222,14),(5,223,36),(3,224,29),(1,225,20),(4,226,38),(2,227,4),(4,228,17),(2,229,8),(6,230,7),(2,231,25),(3,232,28),(6,233,38),(6,234,15),(4,235,23),(6,236,37),(6,237,3),(1,238,4),(1,239,15),(6,240,36),(1,241,40),(5,242,2),(5,243,34),(5,244,28),(5,245,36),(1,246,5),(6,247,11),(6,248,29),(6,249,16),(1,250,24),(2,251,25),(3,252,25),(5,253,9),(5,254,4),(5,255,11),(6,256,24),(5,257,24),(2,258,6),(3,259,30),(4,260,4),(1,261,22),(5,262,21),(1,263,11),(5,264,3),(6,265,31),(5,266,34),(4,267,39),(6,268,24),(3,269,19),(3,270,40),(6,271,24),(6,272,18),(5,273,29),(1,274,12),(3,275,33),(4,276,33),(5,277,35),(2,278,18),(4,279,13),(2,280,26),(2,281,1),(4,282,22),(5,283,8),(6,284,9),(3,285,38),(3,286,5),(2,287,16),(2,288,34),(5,289,26),(6,290,6),(5,291,1),(6,292,29),(4,293,24),(5,294,12),(5,295,32),(6,296,21),(5,297,14),(1,298,20),(6,299,22),(1,300,4),(2,301,16),(5,302,39),(3,303,37),(1,304,19),(2,305,12),(1,306,28),(3,307,32),(4,308,1),(5,309,2),(5,310,9),(5,311,39),(4,312,19),(5,313,26),(1,314,26),(2,315,33),(1,316,10),(4,317,29),(6,318,20),(1,319,32),(6,320,8),(4,321,34),(1,322,29),(6,323,4),(5,324,24),(3,325,20),(1,326,4),(6,327,20),(6,328,3),(4,329,31),(2,330,4),(4,331,2),(4,332,15),(2,333,39),(4,334,34),(5,335,20),(5,336,5),(2,337,2),(6,338,21),(1,339,5),(5,340,2),(4,341,5),(4,342,2),(6,343,7),(1,344,7),(6,345,26),(3,346,22),(6,347,37),(4,348,5),(3,349,1),(3,350,15),(4,351,35),(2,352,36),(6,353,22),(4,354,4),(1,355,19),(4,356,6),(2,357,36),(3,358,31),(4,359,3),(4,360,20),(4,361,29),(4,362,22),(4,363,38),(2,364,36),(3,365,22),(2,366,7),(4,367,32),(4,368,13),(2,369,23),(6,370,20),(4,371,17),(3,372,11),(6,373,29),(2,374,2),(1,375,16),(1,376,26),(2,377,14),(6,378,28),(3,379,13),(1,380,29),(3,381,34),(1,382,25),(1,383,12),(3,384,28),(2,385,23),(6,386,14),(2,387,20),(5,388,29),(2,389,2),(3,390,25),(5,391,36),(1,392,36),(1,393,2),(6,394,24),(1,395,26),(5,396,36),(4,397,2),(6,398,17),(4,399,14),(4,400,17),(4,401,11),(2,402,34),(6,403,19),(5,404,12),(1,405,35),(3,406,26),(6,407,1),(1,408,11),(4,409,12),(4,410,8),(1,411,20),(5,412,30),(3,413,34),(5,414,25),(6,415,22),(6,416,19),(1,417,17),(2,418,31),(2,419,11),(5,420,22),(6,421,28),(1,422,19),(2,423,31),(2,424,18),(3,425,14),(5,426,20),(6,427,39),(1,428,6),(5,429,18),(6,430,36),(6,431,9),(3,432,18),(5,433,3),(1,434,31),(3,435,27),(5,436,25),(5,437,1),(1,438,14),(4,439,12),(4,440,38),(4,441,18),(6,442,22),(2,443,23),(1,444,36),(4,445,36),(1,446,7),(1,447,38),(4,448,20),(3,449,7),(6,450,35),(2,451,19),(4,452,30),(4,453,10),(4,454,14),(6,455,6),(5,456,29),(6,457,11),(2,458,26),(5,459,15),(2,460,19),(5,461,3),(5,462,33),(6,463,27),(4,464,40),(5,465,17),(5,466,12),(2,467,23),(6,468,8),(6,469,9),(6,470,22),(6,471,40),(2,472,6),(6,473,4),(4,474,8),(2,475,27),(1,476,23),(3,477,32),(4,478,37),(6,479,8),(2,480,13),(1,481,3),(1,482,18),(3,483,30),(4,484,4),(5,485,14),(5,486,16),(4,487,25),(4,488,5),(3,489,20),(3,490,32),(4,491,15),(6,492,40),(5,493,24),(3,494,35),(6,495,3),(5,496,19),(3,497,39),(4,498,8),(2,499,39),(2,500,6),(1,501,38),(1,502,8),(3,503,32),(4,504,33),(1,505,12),(6,506,3),(6,507,38),(5,508,5),(6,509,36),(5,510,9),(1,511,34),(5,512,29),(3,513,33),(6,514,3),(4,515,12),(2,516,30),(2,517,26),(3,518,14),(5,519,34),(4,520,4),(5,521,22),(3,522,17),(6,523,4),(1,524,13),(6,525,29),(4,526,7),(3,527,24),(1,528,14),(4,529,4),(2,530,7),(5,531,38),(1,532,32),(3,533,18),(6,534,1),(3,535,7),(2,536,16),(3,537,14),(4,538,32),(6,539,18),(5,540,2),(1,541,28),(6,542,8),(6,543,6),(3,544,30),(1,545,24),(6,546,40),(2,547,27),(2,548,10),(3,549,2),(2,550,28),(3,551,6),(6,552,33),(5,553,19),(5,554,1),(4,555,8),(3,556,29),(5,557,34),(6,558,8),(6,559,10),(4,560,36),(3,561,22),(1,562,6),(3,563,21),(2,564,24),(5,565,38),(3,566,13),(3,567,31),(1,568,13),(3,569,10),(1,570,17),(5,571,19),(3,572,12),(1,573,13),(2,574,21),(6,575,15),(1,576,40),(1,577,40),(5,578,16),(4,579,23),(4,580,34),(3,581,24),(2,582,26),(5,583,27),(4,584,40),(5,585,31),(6,586,39),(1,587,14),(4,588,7),(3,589,34),(2,590,3),(4,591,22),(3,592,27),(6,593,33),(2,594,40),(3,595,16),(1,596,9),(4,597,21),(4,598,24),(2,599,40),(6,600,10),(5,601,29),(1,602,30),(4,603,28),(5,604,29),(6,605,27),(6,606,31),(6,607,18),(5,608,28),(6,609,19),(1,610,22),(3,611,5),(2,612,1),(4,613,4),(5,614,40),(5,615,26),(5,616,25),(2,617,8),(6,618,1),(2,619,38),(2,620,20),(6,621,6),(6,622,1),(4,623,31),(3,624,19),(6,625,13),(2,626,11),(4,627,24),(3,628,10),(3,629,12),(6,630,16),(2,631,12),(1,632,22),(5,633,3),(5,634,8),(4,635,30),(6,636,4),(4,637,19),(3,638,24),(4,639,21),(6,640,33),(3,641,36),(4,642,8),(5,643,12),(4,644,18),(3,645,13),(4,646,20),(2,647,26),(6,648,38),(3,649,3),(4,650,19),(1,651,38),(2,652,28),(4,653,29),(6,654,8),(5,655,24),(4,656,36),(4,657,10),(4,658,16),(2,659,3),(2,660,8),(2,661,38),(4,662,2),(5,663,32),(4,664,28),(5,665,36),(6,666,14),(3,667,36),(5,668,19),(4,669,38),(6,670,13),(1,671,31),(3,672,30),(6,673,17),(6,674,36),(4,675,18),(4,676,13),(6,677,33),(4,678,39),(3,679,16),(1,680,21),(1,681,20),(4,682,32),(4,683,21),(6,684,10),(6,685,30),(3,686,6),(5,687,4),(1,688,14),(4,689,24),(5,690,18),(5,691,5),(5,692,18),(3,693,4),(4,694,13),(6,695,14),(5,696,2),(5,697,31),(5,698,38),(4,699,17),(2,700,7),(5,701,26),(5,1,7),(1,2,14),(2,3,33),(1,4,21),(6,5,25),(3,6,33),(4,7,33),(4,8,13),(4,9,6),(1,10,6),(1,11,14),(1,12,37),(6,13,27),(5,14,26),(6,15,34),(6,16,10),(5,17,31),(5,18,24),(1,19,2),(4,20,26),(5,21,35),(2,22,2),(2,23,39),(4,24,30),(5,25,21),(5,26,27),(3,27,35),(5,28,25),(5,29,6),(5,30,13),(6,31,20),(4,32,32),(2,33,11),(1,34,4),(6,35,29),(3,36,31),(4,37,33),(5,38,14),(2,39,4),(2,40,23),(5,41,10),(6,42,15),(2,43,22),(6,44,9),(6,45,17),(6,46,8),(1,47,24),(4,48,24),(6,49,14),(4,50,23),(3,51,13),(2,52,23),(5,53,10),(6,54,17),(3,55,13),(5,56,8),(6,57,5),(5,58,33),(4,59,7),(6,60,37),(2,61,28),(5,62,38),(1,63,19),(4,64,28),(5,65,18),(5,66,12),(4,67,1),(5,68,10),(6,69,36),(1,70,13),(3,71,32),(1,72,19),(3,73,25),(3,74,16),(6,75,33),(3,76,29),(6,77,33),(1,78,14),(1,79,25),(1,80,29),(5,81,36),(3,82,36),(3,83,15),(6,84,25),(5,85,25),(3,86,33),(6,87,2),(1,88,1),(6,89,25),(4,90,7),(1,91,22),(6,92,23),(1,93,35),(2,94,25),(3,95,19),(3,96,11),(4,97,17),(4,98,13),(4,99,23),(2,100,38),(4,101,9),(4,102,32),(4,103,11),(3,104,32),(3,105,13),(4,106,10),(3,107,28),(1,108,20),(3,109,8),(3,110,35),(3,111,13),(5,112,14),(3,113,30),(2,114,32),(6,115,21),(3,116,34),(3,117,11),(2,118,25),(5,119,40),(4,120,40),(1,121,21),(5,122,14),(1,123,3),(1,124,28),(4,125,26),(4,126,26),(5,127,38),(6,128,21),(3,129,39),(1,130,38),(4,131,20),(1,132,30),(2,133,12),(5,134,10),(6,135,32),(4,136,33),(6,137,32),(6,138,27),(3,139,37),(2,140,12),(5,141,17),(2,142,40),(4,143,40),(1,144,25),(4,145,31),(2,146,13),(6,147,19),(1,148,28),(4,149,24),(4,150,3),(4,151,2),(5,152,1),(2,153,19),(1,154,8),(5,155,15),(1,156,12),(4,157,3),(6,158,15),(4,159,2),(5,160,26),(3,161,21),(2,162,28),(6,163,22),(6,164,20),(3,165,40),(5,166,13),(6,167,23),(5,168,25),(3,169,28),(5,170,39),(1,171,39),(4,172,31),(6,173,9),(3,174,15),(6,175,31),(2,176,7),(1,177,36),(3,178,12),(6,179,23),(4,180,18),(1,181,31),(2,182,8),(5,183,17),(3,184,13),(3,185,30),(1,186,37),(2,187,35),(4,188,37),(5,189,2),(2,190,25),(2,191,40),(2,192,39),(4,193,33),(6,194,25),(6,195,12),(4,196,5),(1,197,35),(3,198,11),(5,199,1),(1,200,39),(5,201,27),(5,202,23),(3,203,7),(6,204,27),(1,205,37),(4,206,5),(2,207,9),(6,208,34),(3,209,38),(4,210,1),(3,211,31),(6,212,36),(6,213,30),(2,214,33),(6,215,25),(5,216,36),(5,217,12),(2,218,32),(2,219,7),(1,220,17),(6,221,4),(6,222,10),(1,223,8),(6,224,37),(2,225,13),(5,226,30),(2,227,15),(2,228,19),(3,229,9),(5,230,34),(4,231,10),(3,232,25),(1,233,30),(6,234,28),(3,235,12),(2,236,31),(1,237,6),(4,238,33),(6,239,31),(1,240,20),(4,241,21),(6,242,7),(4,243,9),(6,244,25),(2,245,34),(6,246,37),(6,247,34),(3,248,1),(4,249,36),(4,250,4),(5,251,26),(3,252,2),(5,253,36),(1,254,28),(6,255,7),(3,256,16),(4,257,33),(4,258,11),(3,259,40),(5,260,39),(1,261,32),(4,262,18),(4,263,4),(4,264,7),(4,265,38),(5,266,3),(1,267,8),(3,268,24),(3,269,37),(1,270,16),(5,271,38),(1,272,27),(6,273,35),(2,274,20),(6,275,37),(6,276,19),(2,277,20),(5,278,39),(1,279,1),(6,280,10),(4,281,11),(1,282,23),(2,283,30),(6,284,38),(2,285,7),(2,286,6),(3,287,8),(5,288,20),(4,289,12),(3,290,14),(1,291,34),(6,292,11),(3,293,2),(6,294,23),(1,295,29),(1,296,35),(3,297,28),(3,298,16),(3,299,5),(5,300,16),(6,301,4),(6,302,10),(4,303,22),(1,304,9),(4,305,10),(4,306,2),(3,307,16),(4,308,37),(4,309,10),(1,310,2),(3,311,18),(6,312,3),(6,313,35),(1,314,16),(5,315,11),(5,316,4),(1,317,10),(6,318,10),(4,319,11),(4,320,21),(1,321,8),(2,322,20),(4,323,1),(6,324,23),(4,325,12),(1,326,19),(2,327,28),(4,328,18),(2,329,30),(6,330,13),(1,331,37),(5,332,4),(2,333,11),(6,334,9),(1,335,36),(6,336,39),(5,337,15),(3,338,17),(4,339,38),(4,340,6),(3,341,7),(6,342,12),(1,343,3),(3,344,30),(1,345,37),(5,346,36),(2,347,38),(2,348,7),(5,349,26),(6,350,32),(4,351,34),(6,352,16),(4,353,21),(6,354,28),(4,355,21),(6,356,38),(2,357,23),(5,358,32),(4,359,16),(1,360,37),(2,361,31),(6,362,10),(1,363,5),(2,364,20),(1,365,9),(3,366,11),(4,367,3),(5,368,31),(2,369,18),(4,370,4),(6,371,6),(4,372,38),(2,373,3),(6,374,19),(4,375,18),(1,376,24),(2,377,2),(1,378,33),(1,379,14),(4,380,16),(2,381,36),(3,382,2),(3,383,3),(5,384,7),(1,385,30),(5,386,15),(4,387,18),(6,388,37),(5,389,4),(3,390,17),(4,391,14),(6,392,2),(6,393,2),(1,394,4),(3,395,37),(2,396,31),(2,397,25),(6,398,36),(2,399,5),(1,400,12),(3,401,15),(2,402,27),(6,403,40),(5,404,34),(6,405,8),(1,406,3),(2,407,24),(4,408,14),(3,409,12),(2,410,2),(2,411,2),(3,412,20),(3,413,9),(1,414,9),(6,415,20),(2,416,11),(4,417,11),(2,418,27),(6,419,13),(6,420,3),(6,421,32),(5,422,10),(4,423,23),(5,424,15),(4,425,10),(1,426,7),(3,427,2),(5,428,26),(4,429,12),(3,430,13),(3,431,5),(4,432,9),(2,433,27),(3,434,37),(6,435,5),(3,436,1),(3,437,17),(3,438,37),(3,439,29),(4,440,6),(5,441,19),(4,442,7),(3,443,37),(6,444,32),(5,445,33),(1,446,17),(3,447,24),(5,448,4),(3,449,19),(1,450,39),(3,451,3),(4,452,10),(6,453,33),(4,454,8),(2,455,18),(1,456,27),(2,457,7),(1,458,11),(4,459,20),(4,460,2),(2,461,34),(1,462,17),(4,463,3),(3,464,17),(3,465,21),(5,466,28),(1,467,33),(5,468,14),(6,469,27),(4,470,6),(3,471,13),(1,472,13),(4,473,10),(6,474,1),(3,475,7),(4,476,5),(3,477,13),(5,478,18),(3,479,33),(2,480,3),(5,481,35),(4,482,33),(4,483,26),(4,484,34),(3,485,35),(6,486,38),(2,487,10),(4,488,32),(1,489,37),(2,490,24),(5,491,23),(6,492,2),(6,493,31),(2,494,9),(2,495,19),(4,496,8),(1,497,5),(4,498,10),(2,499,21),(6,500,29),(5,501,24),(6,502,8),(3,503,4),(5,504,1),(4,505,18),(6,506,7),(3,507,15),(4,508,12),(4,509,30),(1,510,1),(6,511,12),(4,512,20),(2,513,23),(3,514,38),(1,515,23),(1,516,8),(2,517,22),(3,518,38),(5,519,28),(5,520,14),(4,521,3),(5,522,38),(5,523,23),(4,524,3),(2,525,25),(5,526,26),(3,527,19),(2,528,1),(4,529,4),(2,530,24),(5,531,38),(6,532,28),(1,533,18),(3,534,2),(3,535,37),(2,536,4),(3,537,14),(1,538,18),(6,539,40),(1,540,16),(4,541,23),(2,542,28),(2,543,9),(1,544,39),(6,545,19),(4,546,13),(4,547,22),(2,548,28),(2,549,3),(1,550,18),(3,551,17),(4,552,34),(3,553,23),(2,554,5),(1,555,14),(5,556,17),(4,557,9),(3,558,10),(2,559,4),(4,560,15),(5,561,40),(5,562,37),(4,563,19),(3,564,16),(5,565,23),(4,566,2),(6,567,13),(1,568,9),(3,569,15),(6,570,14),(2,571,19),(5,572,33),(4,573,3),(1,574,28),(5,575,27),(3,576,4),(3,577,17),(5,578,1),(2,579,38),(3,580,7),(3,581,21),(5,582,35),(3,583,30),(2,584,18),(5,585,34),(2,586,28),(1,587,4),(2,588,13),(4,589,34),(1,590,27),(3,591,12),(4,592,13),(4,593,30),(5,594,8),(4,595,16),(3,596,18),(1,597,34),(4,598,20),(4,599,31),(2,600,3),(2,601,8),(2,602,3),(6,603,31),(6,604,15),(1,605,2),(1,606,28),(6,607,27),(4,608,40),(6,609,32),(5,610,3),(5,611,17),(3,612,20),(1,613,12),(6,614,37),(2,615,32),(5,616,17),(1,617,21),(6,618,19),(2,619,4),(6,620,24),(1,621,36),(1,622,6),(6,623,17),(3,624,26),(6,625,39),(1,626,28),(1,627,23),(1,628,40),(2,629,14),(4,630,15),(6,631,40),(2,632,7),(6,633,34),(5,634,24),(3,635,34),(3,636,20),(6,637,38),(1,638,11),(1,639,4),(3,640,33),(1,641,3),(2,642,4),(6,643,31),(1,644,37),(6,645,35),(3,646,36),(1,647,21),(6,648,33),(4,649,1),(1,650,38),(6,651,37),(3,652,11),(4,653,18),(3,654,24),(2,655,37),(4,656,24),(1,657,31),(6,658,8),(3,659,2),(4,660,9),(2,661,8),(3,662,17),(2,663,3),(2,664,39),(3,665,18),(5,666,33),(6,667,1),(1,668,26),(2,669,2),(4,670,23),(3,671,8),(6,672,19),(3,673,2),(5,674,37),(2,675,40),(6,676,25),(1,677,30),(2,678,35),(6,679,12),(3,680,31),(2,681,27),(6,682,17),(6,683,37),(1,684,6),(1,685,17),(2,686,28),(6,687,12),(6,688,6),(4,689,32),(6,690,29),(1,691,5),(2,692,38),(5,693,30),(6,694,26),(2,695,38),(1,696,31),(2,697,9),(5,698,37),(2,699,30),(4,700,11),(4,701,12),(3,1,6),(5,2,7),(1,3,34),(6,4,1),(4,5,24),(2,6,4),(3,7,40),(2,8,16),(6,9,25),(5,10,10),(6,11,4),(4,12,5),(2,13,22),(6,14,19),(1,15,18),(6,16,36),(3,17,4),(1,18,34),(2,19,26),(5,20,9),(4,21,39),(5,22,37),(5,23,7),(2,24,11),(5,25,6),(6,26,25),(5,27,1),(4,28,25),(6,29,39),(6,30,35),(4,31,8),(1,32,18),(2,33,15),(3,34,40),(3,35,31),(4,36,4),(1,37,33),(1,38,6),(1,39,27),(5,40,6),(3,41,18),(4,42,7),(4,43,14),(5,44,21),(1,45,3),(2,46,22),(1,47,13),(5,48,27),(2,49,31),(4,50,27),(2,51,8),(2,52,23),(1,53,15),(3,54,14),(1,55,19),(2,56,1),(6,57,17),(1,58,14),(3,59,13),(1,60,24),(6,61,34),(3,62,40),(1,63,7),(4,64,7),(1,65,19),(1,66,23),(4,67,23),(5,68,33),(5,69,34),(2,70,30),(4,71,38),(6,72,12),(1,73,20),(2,74,11),(2,75,37),(2,76,14),(1,77,16),(1,78,14),(6,79,6),(4,80,12),(3,81,29),(3,82,29),(6,83,8),(2,84,2),(5,85,10),(2,86,31),(3,87,21),(2,88,7),(5,89,4),(5,90,21),(6,91,3),(2,92,22),(2,93,16),(4,94,4),(1,95,22),(2,96,30),(3,97,24),(5,98,6),(3,99,35),(6,100,15),(6,101,6),(5,102,6),(3,103,39),(3,104,1),(5,105,13),(4,106,33),(2,107,7),(4,108,36),(2,109,2),(3,110,32),(5,111,21),(3,112,19),(4,113,6),(6,114,32),(2,115,14),(2,116,15),(4,117,6),(2,118,34),(3,119,5),(5,120,26),(5,121,3),(1,122,12),(6,123,38),(5,124,19),(5,125,10),(6,126,23),(1,127,29),(5,128,25),(5,129,39),(2,130,26),(1,131,36),(6,132,36),(1,133,3),(4,134,13),(2,135,5),(1,136,16),(6,137,21),(5,138,11),(1,139,22),(2,140,29),(3,141,36),(6,142,17),(5,143,22),(6,144,40),(2,145,4),(1,146,19),(3,147,25),(1,148,6),(2,149,9),(3,150,1),(1,151,35),(5,152,39),(1,153,10),(1,154,37),(2,155,36),(5,156,5),(5,157,38),(4,158,12),(6,159,18),(5,160,16),(5,161,34),(1,162,26),(4,163,2),(3,164,23),(2,165,19),(3,166,35),(2,167,34),(1,168,31),(2,169,32),(1,170,16),(6,171,21),(3,172,37),(1,173,24),(3,174,40),(2,175,5),(3,176,1),(2,177,26),(2,178,19),(3,179,26),(2,180,5),(3,181,6),(4,182,20),(6,183,20),(5,184,33),(6,185,16),(3,186,33),(5,187,1),(3,188,32),(6,189,7),(4,190,39),(1,191,40),(3,192,15),(2,193,14),(1,194,15),(2,195,23),(1,196,26),(5,197,2),(6,198,17),(6,199,23),(6,200,31),(6,201,4),(1,202,36),(2,203,40),(5,204,40),(5,205,20),(4,206,5),(6,207,8),(2,208,8),(2,209,30),(2,210,10),(1,211,37),(5,212,18),(5,213,1),(3,214,13),(6,215,27),(6,216,25),(2,217,15),(3,218,21),(6,219,35),(5,220,28),(5,221,14),(3,222,8),(6,223,29),(4,224,22),(2,225,9),(3,226,16),(4,227,2),(5,228,39),(3,229,3),(3,230,35),(1,231,11),(4,232,39),(4,233,11),(3,234,31),(4,235,33),(1,236,26),(5,237,18),(4,238,34),(1,239,5),(3,240,34),(2,241,21),(6,242,16),(1,243,12),(3,244,12),(1,245,25),(3,246,35),(1,247,32),(4,248,37),(2,249,33),(6,250,1),(5,251,12),(4,252,35),(6,253,35),(1,254,30),(4,255,21),(6,256,7),(4,257,38),(2,258,39),(6,259,9),(4,260,12),(6,261,31),(2,262,10),(6,263,28),(4,264,30),(5,265,40),(4,266,27),(3,267,29),(5,268,14),(2,269,19),(5,270,8),(4,271,28),(2,272,17),(6,273,39),(3,274,10),(3,275,37),(6,276,2),(1,277,35),(4,278,11),(3,279,33),(3,280,7),(5,281,14),(4,282,7),(3,283,34),(6,284,35),(3,285,12),(6,286,9),(3,287,12),(3,288,21),(6,289,30),(5,290,4),(1,291,15),(3,292,24),(1,293,31),(1,294,40),(4,295,16),(4,296,23),(6,297,21),(4,298,9),(4,299,24),(4,300,19),(4,301,19),(1,302,5),(3,303,34),(3,304,15),(6,305,10),(1,306,7),(3,307,33),(1,308,37),(3,309,21),(2,310,36),(1,311,11),(1,312,31),(5,313,34),(2,314,2),(1,315,13),(4,316,2),(4,317,3),(5,318,4),(2,319,12),(2,320,4),(1,321,14),(1,322,18),(1,323,20),(2,324,21),(5,325,37),(3,326,32),(3,327,28),(4,328,34),(5,329,29),(4,330,26),(2,331,8),(1,332,35),(6,333,3),(4,334,3),(3,335,19),(2,336,17),(3,337,25),(6,338,2),(6,339,4),(3,340,5),(2,341,23),(5,342,27),(5,343,3),(4,344,31),(1,345,25),(6,346,37),(4,347,20),(2,348,28),(3,349,20),(3,350,32),(4,351,28),(5,352,38),(6,353,5),(4,354,10),(6,355,12),(3,356,26),(4,357,18),(3,358,14),(6,359,8),(6,360,25),(6,361,29),(2,362,26),(1,363,17),(2,364,11),(5,365,34),(2,366,24),(6,367,35),(6,368,1),(6,369,35),(4,370,36),(2,371,39),(1,372,21),(6,373,40),(2,374,39),(6,375,11),(4,376,17),(2,377,40),(1,378,6),(6,379,10),(1,380,26),(5,381,12),(2,382,23),(5,383,39),(6,384,19),(4,385,14),(2,386,30),(1,387,30),(3,388,34),(2,389,20),(2,390,3),(2,391,18),(2,392,7),(3,393,20),(5,394,1),(2,395,8),(2,396,13),(3,397,23),(1,398,21),(5,399,22),(2,400,39),(3,401,40),(2,402,39),(3,403,25),(4,404,31),(1,405,9),(6,406,28),(3,407,33),(3,408,38),(4,409,30),(3,410,16),(1,411,10),(1,412,6),(3,413,37),(3,414,14),(5,415,29),(2,416,29),(3,417,17),(4,418,7),(5,419,20),(4,420,13),(6,421,25),(3,422,31),(2,423,12),(4,424,33),(3,425,1),(1,426,33),(4,427,33),(1,428,18),(5,429,35),(5,430,34),(5,431,24),(6,432,32),(2,433,26),(3,434,17),(4,435,5),(5,436,11),(6,437,1),(4,438,1),(4,439,9),(5,440,31),(1,441,6),(4,442,10),(3,443,38),(3,444,39),(5,445,9),(4,446,1),(5,447,33),(4,448,15),(5,449,27),(5,450,5),(3,451,10),(3,452,2),(3,453,19),(3,454,12),(2,455,20),(3,456,15),(2,457,34),(6,458,23),(4,459,30),(6,460,14),(1,461,34),(3,462,26),(4,463,11),(4,464,4),(5,465,23),(6,466,13),(6,467,12),(2,468,23),(2,469,1),(5,470,7),(4,471,25),(5,472,19),(3,473,31),(2,474,26),(3,475,16),(3,476,17),(6,477,10),(1,478,8),(4,479,38),(1,480,11),(5,481,26),(5,482,36),(6,483,1),(4,484,38),(1,485,17),(5,486,38),(2,487,22),(3,488,37),(3,489,19),(2,490,3),(2,491,17),(4,492,36),(5,493,8),(2,494,20),(4,495,3),(3,496,22),(5,497,39),(3,498,40),(6,499,15),(5,500,15),(3,501,14),(1,502,33),(2,503,23),(1,504,33),(2,505,13),(6,506,12),(4,507,35),(4,508,37),(2,509,15),(2,510,30),(4,511,3),(5,512,39),(1,513,36),(2,514,10),(3,515,24),(3,516,2),(6,517,23),(3,518,21),(2,519,27),(3,520,37),(6,521,4),(4,522,21),(2,523,3),(5,524,19),(6,525,35),(5,526,17),(1,527,24),(3,528,37),(2,529,13),(3,530,11),(3,531,15),(5,532,1),(1,533,6),(3,534,1),(4,535,32),(2,536,13),(4,537,25),(2,538,17),(1,539,12),(5,540,17),(2,541,14),(1,542,28),(2,543,24),(4,544,34),(3,545,39),(1,546,9),(4,547,32),(6,548,1),(5,549,18),(3,550,16),(4,551,32),(6,552,27),(3,553,1),(2,554,30),(3,555,17),(6,556,40),(4,557,18),(3,558,40),(2,559,35),(3,560,17),(6,561,32),(4,562,40),(2,563,28),(5,564,29),(2,565,36),(2,566,24),(5,567,29),(2,568,2),(2,569,19),(3,570,8),(6,571,12),(6,572,39),(6,573,12),(4,574,28),(6,575,36),(6,576,36),(2,577,6),(4,578,25),(1,579,20),(4,580,37),(2,581,24),(4,582,39),(3,583,35),(1,584,35),(5,585,29),(4,586,1),(6,587,36),(6,588,18),(6,589,1),(5,590,25),(5,591,17),(3,592,40),(6,593,36),(4,594,36),(4,595,19),(3,596,6),(1,597,37),(1,598,38),(2,599,14),(5,600,31),(1,601,24),(2,602,30),(5,603,36),(2,604,22),(4,605,18),(5,606,6),(3,607,40),(2,608,24),(6,609,29),(4,610,29),(5,611,4),(2,612,10),(3,613,27),(1,614,13),(5,615,1),(3,616,19),(2,617,25),(4,618,39),(3,619,32),(6,620,31),(1,621,14),(6,622,18),(2,623,7),(3,624,15),(5,625,10),(5,626,13),(1,627,33),(3,628,33),(5,629,25),(1,630,36),(1,631,26),(2,632,1),(2,633,16),(1,634,40),(3,635,11),(1,636,37),(3,637,31),(1,638,13),(5,639,20),(6,640,30),(2,641,38),(6,642,10),(4,643,15),(5,644,15),(1,645,18),(5,646,7),(4,647,31),(5,648,6),(4,649,26),(1,650,12),(5,651,9),(5,652,12),(4,653,34),(5,654,9),(6,655,36),(1,656,1),(3,657,40),(3,658,13),(3,659,17),(2,660,33),(4,661,21),(6,662,8),(4,663,38),(4,664,36),(3,665,19),(1,666,29),(1,667,38),(6,668,23),(5,669,14),(3,670,39),(5,671,10),(4,672,13),(3,673,11),(2,674,39),(5,675,31),(5,676,5),(3,677,34),(3,678,8),(6,679,21),(5,680,1),(6,681,36),(3,682,33),(5,683,26),(6,684,29),(3,685,39),(5,686,35),(6,687,40),(4,688,2),(6,689,21),(6,690,15),(6,691,38),(5,692,30),(2,693,24),(3,694,17),(6,695,29),(1,696,3),(2,697,32),(2,698,5),(6,699,32),(3,700,3),(6,701,12),(1,1,14),(2,2,24),(3,3,32),(1,4,19),(5,5,27),(5,6,11),(6,7,26),(2,8,36),(1,9,23),(2,10,39),(2,11,1),(3,12,5),(1,13,31),(6,14,12),(3,15,32),(2,16,26),(5,17,21),(1,18,11),(4,19,29),(1,20,13),(6,21,25),(3,22,9),(6,23,8),(5,24,18),(5,25,16),(2,26,40),(2,27,7),(3,28,21),(3,29,1),(1,30,8),(4,31,26),(3,32,27),(4,33,31),(1,34,32),(3,35,3),(5,36,2),(6,37,16),(6,38,8),(1,39,34),(5,40,38),(2,41,18),(5,42,23),(4,43,14),(5,44,4),(6,45,32),(5,46,29),(1,47,7),(3,48,30),(2,49,1),(6,50,12),(5,51,22),(4,52,33),(4,53,29),(4,54,24),(4,55,6),(3,56,1),(2,57,22),(3,58,21),(5,59,40),(4,60,28),(3,61,31),(6,62,30),(6,63,30),(2,64,29),(5,65,21),(3,66,31),(5,67,27),(5,68,27),(6,69,23),(6,70,9),(3,71,28),(4,72,2),(5,73,21),(5,74,16),(3,75,31),(1,76,31),(6,77,25),(2,78,2),(6,79,27),(3,80,10),(2,81,40),(5,82,40),(5,83,36),(1,84,16),(1,85,23),(5,86,20),(5,87,12),(3,88,38),(4,89,40),(4,90,40),(4,91,3),(5,92,13),(3,93,32),(3,94,29),(2,95,35),(6,96,4),(1,97,33),(2,98,10),(2,99,29),(5,100,28),(1,101,12),(5,102,40),(4,103,30),(3,104,1),(1,105,28),(2,106,3),(4,107,9),(3,108,33),(4,109,24),(5,110,20),(2,111,15),(1,112,18),(2,113,10),(5,114,34),(5,115,28),(5,116,7),(3,117,37),(3,118,30),(4,119,22),(2,120,32),(6,121,18),(3,122,13),(6,123,30),(2,124,11),(2,125,9),(2,126,33),(4,127,35),(1,128,26),(5,129,38),(4,130,1),(6,131,40),(6,132,38),(6,133,36),(6,134,25),(6,135,19),(4,136,11),(5,137,14),(1,138,13),(5,139,27),(4,140,35),(2,141,1),(5,142,26),(4,143,26),(2,144,34),(4,145,25),(2,146,28),(6,147,38),(3,148,27),(5,149,40),(1,150,28),(1,151,32),(5,152,36),(1,153,34),(2,154,6),(1,155,22),(2,156,19),(4,157,25),(5,158,32),(5,159,24),(2,160,37),(1,161,33),(6,162,14),(5,163,3),(1,164,6),(5,165,39),(6,166,36),(4,167,21),(1,168,34),(1,169,16),(3,170,13),(4,171,40),(6,172,32),(3,173,27),(6,174,6),(5,175,4),(3,176,2),(1,177,31),(1,178,27),(6,179,34),(2,180,32),(2,181,10),(2,182,32),(6,183,36),(1,184,37),(1,185,31),(3,186,8),(4,187,22),(5,188,39),(3,189,10),(4,190,20),(1,191,37),(1,192,18),(3,193,36),(1,194,23),(4,195,20),(1,196,6),(6,197,12),(4,198,3),(1,199,13),(1,200,32),(1,201,23),(3,202,39),(4,203,31),(4,204,27),(4,205,17),(6,206,22),(2,207,15),(2,208,10),(5,209,24),(3,210,12),(5,211,2),(2,212,8),(6,213,23),(4,214,37),(2,215,31),(5,216,6),(1,217,38),(6,218,29),(6,219,5),(6,220,7),(5,221,33),(4,222,26),(1,223,18),(4,224,25),(4,225,9),(3,226,33),(4,227,28),(5,228,38),(3,229,31),(2,230,37),(1,231,30),(1,232,11),(1,233,27),(4,234,21),(2,235,6),(5,236,31),(5,237,26),(4,238,8),(5,239,34),(3,240,38),(3,241,30),(2,242,19),(1,243,15),(2,244,36),(6,245,31),(4,246,1),(5,247,11),(3,248,5),(3,249,5),(1,250,1),(1,251,21),(6,252,30),(4,253,33),(4,254,12),(2,255,33),(6,256,1),(6,257,4),(1,258,3),(4,259,39),(5,260,24),(3,261,29),(6,262,15),(4,263,15),(2,264,6),(2,265,24),(5,266,9),(1,267,33),(2,268,11),(1,269,3),(5,270,9),(1,271,4),(3,272,20),(5,273,9),(1,274,5),(3,275,6),(1,276,30),(5,277,34),(4,278,33),(4,279,14),(3,280,4),(5,281,38),(6,282,23),(5,283,21),(6,284,32),(5,285,14),(1,286,16),(4,287,18),(1,288,16),(1,289,36),(6,290,21),(4,291,38),(4,292,3),(4,293,30),(2,294,1),(6,295,4),(1,296,18),(4,297,4),(4,298,12),(6,299,31),(1,300,34),(1,301,28),(5,302,16),(2,303,7),(4,304,7),(5,305,2),(6,306,19),(5,307,21),(5,308,37),(6,309,13),(2,310,6),(1,311,27),(5,312,26),(3,313,9),(5,314,3),(6,315,13),(5,316,34),(5,317,29),(5,318,22),(6,319,40),(2,320,4),(2,321,30),(4,322,13),(6,323,24),(5,324,31),(1,325,37),(1,326,28),(3,327,4),(6,328,24),(6,329,9),(4,330,1),(5,331,2),(3,332,11),(4,333,11),(1,334,6),(6,335,34),(2,336,31),(4,337,29),(3,338,12),(1,339,8),(3,340,32),(4,341,38),(6,342,32),(4,343,13),(5,344,16),(2,345,39),(2,346,38),(2,347,10),(4,348,33),(1,349,4),(1,350,32),(4,351,9),(3,352,19),(4,353,33),(2,354,27),(4,355,24),(1,356,35),(1,357,35),(6,358,12),(4,359,17),(1,360,13),(5,361,16),(1,362,23),(4,363,18),(5,364,19),(2,365,10),(1,366,29),(3,367,8),(5,368,35),(3,369,40),(1,370,16),(6,371,8),(3,372,26),(1,373,3),(2,374,10),(6,375,9),(2,376,34),(3,377,28),(6,378,14),(2,379,27),(1,380,18),(6,381,38),(6,382,33),(1,383,25),(3,384,1),(1,385,18),(1,386,19),(3,387,11),(6,388,3),(3,389,17),(4,390,23),(5,391,39),(3,392,1),(2,393,26),(1,394,35),(1,395,34),(1,396,18),(5,397,30),(2,398,36),(4,399,4),(1,400,31),(4,401,4),(4,402,5),(6,403,13),(6,404,19),(5,405,35),(2,406,40),(6,407,12),(5,408,1),(6,409,13),(3,410,1),(5,411,40),(6,412,23),(5,413,32),(5,414,33),(2,415,11),(3,416,21),(1,417,20),(5,418,15),(5,419,28),(3,420,3),(1,421,13),(6,422,24),(1,423,1),(4,424,5),(5,425,20),(1,426,34),(6,427,36),(1,428,33),(5,429,1),(5,430,17),(3,431,14),(5,432,1),(5,433,10),(5,434,19),(3,435,36),(5,436,23),(1,437,3),(3,438,17),(6,439,32),(5,440,33),(2,441,8),(1,442,33),(1,443,38),(2,444,20),(5,445,31),(4,446,39),(3,447,19),(4,448,38),(2,449,25),(3,450,23),(3,451,23),(6,452,34),(2,453,32),(5,454,16),(6,455,38),(3,456,9),(4,457,32),(6,458,20),(4,459,32),(4,460,17),(5,461,38),(1,462,28),(5,463,33),(3,464,31),(1,465,12),(4,466,16),(4,467,19),(2,468,32),(6,469,29),(3,470,6),(5,471,15),(3,472,31),(5,473,1),(3,474,5),(4,475,31),(6,476,20),(1,477,31),(1,478,15),(6,479,27),(1,480,31),(3,481,5),(2,482,38),(1,483,30),(1,484,40),(1,485,4),(3,486,7),(5,487,6),(6,488,4),(4,489,23),(6,490,30),(5,491,15),(5,492,22),(2,493,31),(6,494,20),(4,495,11),(2,496,33),(3,497,36),(5,498,17),(2,499,18),(4,500,37),(3,501,30),(5,502,37),(3,503,13),(5,504,20),(6,505,25),(4,506,7),(2,507,13),(3,508,37),(3,509,20),(5,510,32),(4,511,39),(1,512,24),(4,513,29),(5,514,7),(4,515,36),(1,516,31),(1,517,3),(1,518,24),(1,519,21),(5,520,33),(1,521,22),(5,522,24),(3,523,28),(6,524,37),(2,525,17),(4,526,33),(3,527,10),(3,528,34),(1,529,2),(5,530,2),(1,531,18),(3,532,26),(3,533,6),(2,534,32),(4,535,39),(6,536,39),(2,537,26),(3,538,29),(3,539,18),(2,540,31),(3,541,21),(1,542,32),(3,543,40),(5,544,38),(4,545,33),(3,546,25),(1,547,25),(2,548,16),(5,549,25),(5,550,37),(3,551,5),(5,552,17),(4,553,36),(4,554,29),(3,555,16),(1,556,30),(5,557,1),(1,558,12),(4,559,26),(3,560,40),(1,561,27),(1,562,38),(6,563,16),(4,564,27),(4,565,10),(2,566,27),(6,567,7),(5,568,8),(4,569,4),(3,570,35),(4,571,25),(2,572,33),(4,573,16),(1,574,19),(4,575,39),(4,576,27),(3,577,2),(1,578,34),(2,579,31),(2,580,39),(1,581,18),(5,582,22),(3,583,11),(3,584,2),(3,585,16),(3,586,2),(6,587,26),(6,588,24),(2,589,14),(1,590,5),(6,591,3),(5,592,20),(2,593,32),(6,594,28),(4,595,40),(4,596,22),(6,597,20),(4,598,7),(6,599,34),(5,600,1),(4,601,13),(5,602,24),(6,603,18),(5,604,2),(4,605,39),(1,606,38),(1,607,8),(3,608,6),(6,609,7),(6,610,24),(4,611,27),(2,612,5),(3,613,27),(1,614,20),(4,615,24),(3,616,9),(4,617,2),(5,618,40),(2,619,34),(3,620,3),(3,621,28),(3,622,40),(6,623,14),(1,624,6),(5,625,24),(3,626,26),(3,627,24),(6,628,4),(3,629,13),(6,630,14),(2,631,22),(1,632,1),(3,633,4),(1,634,7),(3,635,10),(4,636,3),(4,637,4),(3,638,11),(1,639,28),(2,640,25),(6,641,36),(6,642,37),(4,643,27),(3,644,9),(6,645,23),(2,646,20),(2,647,39),(1,648,8),(2,649,23),(2,650,17),(4,651,29),(2,652,39),(3,653,4),(1,654,17),(1,655,18),(6,656,3),(1,657,6),(4,658,1),(3,659,26),(1,660,21),(4,661,35),(6,662,27),(4,663,23),(6,664,29),(1,665,14),(6,666,35),(6,667,30),(1,668,4),(2,669,20),(6,670,21),(3,671,32),(1,672,25),(4,673,23),(1,674,28),(6,675,8),(3,676,27),(2,677,3),(5,678,10),(2,679,13),(1,680,21),(1,681,7),(4,682,32),(4,683,11),(3,684,18),(3,685,37),(3,686,9),(5,687,36),(6,688,26),(5,689,31),(3,690,9),(4,691,1),(2,692,2),(1,693,25),(3,694,13),(1,695,2),(5,696,28),(6,697,2),(1,698,35),(2,699,17),(5,700,32),(5,701,12),(3,404,3),(1,387,20),(9,101,39),(2,159,15),(8,52,3),(1,242,32),(2,419,5),(2,347,6),(2,658,7),(5,558,13),(2,490,16),(3,662,31),(1,690,37),(2,355,40),(3,340,23),(8,21,2),(3,304,21),(1,658,25),(1,690,21),(3,329,10),(7,649,18),(2,115,32),(3,161,12),(2,393,9),(8,652,23),(3,260,28),(5,368,18),(5,297,17),(1,692,25),(1,421,1),(4,14,26),(2,271,34),(3,435,9),(7,639,32),(2,224,38),(7,246,9),(1,318,38),(5,257,11),(2,31,8),(4,667,10),(1,326,11),(1,319,32),(1,135,32),(4,216,34),(6,377,23),(1,696,25),(2,18,29),(8,663,17),(1,440,16),(4,362,17),(2,252,17),(4,215,13),(2,574,4),(9,310,31),(9,565,5),(3,144,11),(4,304,27),(1,400,38),(1,282,38),(3,521,12),(4,656,17),(2,633,26),(6,141,10),(3,16,33),(6,516,33),(1,592,11),(1,92,32),(8,443,1),(2,432,31),(1,454,8),(5,170,21),(9,268,13),(1,515,24),(3,635,3),(4,142,17),(7,86,15),(6,520,5),(6,54,23),(1,468,14),(4,630,25),(6,333,9),(3,150,14),(1,456,34),(1,234,28),(3,14,19),(1,186,7),(1,26,37),(7,533,33),(3,562,15),(1,183,13),(3,146,37),(1,412,18),(2,477,40),(1,249,15),(3,23,38),(1,496,31),(4,320,24),(1,323,14),(2,601,40),(8,348,24),(1,630,30),(4,76,11),(6,369,29),(1,325,9),(3,100,40),(3,697,2),(1,495,32),(1,435,19),(7,573,16),(5,462,13),(3,146,26),(4,659,27),(1,264,3),(2,683,28),(1,84,29),(6,248,11),(2,62,4),(1,2,37),(1,269,14),(9,94,15),(1,427,10),(1,502,11),(7,456,32),(5,598,25),(1,528,2),(3,515,10),(5,646,27),(5,14,12),(1,226,14),(1,249,33),(3,251,22),(3,24,10),(1,441,5),(2,109,35),(1,316,15),(1,627,19),(7,444,31),(2,41,4),(6,83,25),(2,258,27),(1,530,18),(9,189,36),(1,124,6),(5,642,7),(4,116,37),(7,345,24),(4,225,17),(1,541,18),(2,654,15),(1,300,13),(6,383,31),(5,193,31),(2,29,1),(1,189,33),(1,221,32),(4,225,40),(4,618,31),(3,403,26),(6,507,17),(3,626,12),(3,510,9),(2,371,14),(1,535,21),(6,397,12),(1,94,38),(5,110,24),(1,554,2),(2,61,35),(1,508,5),(2,332,19),(7,681,13),(3,285,33),(7,109,3),(3,429,25),(1,201,2),(6,163,4),(10,592,37),(4,430,17),(9,145,2),(2,611,35),(1,251,15),(6,597,17),(3,46,10),(5,427,1),(2,200,40),(1,103,36),(1,593,6),(2,306,20),(6,367,34),(2,91,39),(1,198,19),(4,340,37),(5,228,18),(1,104,15),(10,282,19),(1,211,21),(1,651,40),(1,280,34),(9,538,35),(2,172,26),(8,446,4),(3,670,33),(3,494,12),(3,1,25),(1,27,29),(1,235,34),(2,532,13),(1,579,38),(1,428,12),(7,41,14),(5,314,10),(3,661,15),(2,16,10),(3,467,26),(1,234,4),(5,14,3),(4,191,22),(2,400,12),(1,281,26),(3,309,10),(6,611,31),(5,607,26),(1,365,12),(7,7,36),(2,34,14),(4,322,40),(1,192,16),(4,524,33),(1,543,32),(5,235,31),(1,455,37),(3,666,28),(6,127,6),(3,524,39),(6,230,3),(1,411,4),(4,254,24),(5,574,6),(7,75,15),(4,427,15),(6,91,5),(5,417,17),(2,307,17),(6,20,7),(4,485,21),(2,102,13),(1,151,39),(1,480,36),(1,61,31),(6,398,32),(4,294,25),(5,289,14),(2,384,6),(2,123,13),(1,322,26),(5,370,25),(1,357,21),(3,675,35),(1,517,38),(3,434,21),(4,454,31),(3,701,8),(3,118,31),(1,283,11),(2,569,29),(7,582,28),(4,63,26),(5,542,12),(4,460,18),(2,691,30),(8,663,13),(1,497,34),(1,470,6),(2,141,4),(4,64,23),(1,202,30),(1,231,33),(3,350,33),(2,615,23),(2,77,19),(3,582,6),(7,631,16),(4,18,38),(1,263,24),(3,280,2),(3,679,32),(3,456,36),(3,452,17),(1,13,28),(9,343,36),(2,523,31),(4,311,8),(4,332,36),(5,237,38),(10,185,16),(5,273,37),(2,515,14),(3,420,31),(6,318,17),(2,47,8),(5,445,8),(5,666,31),(3,278,26),(1,193,13),(1,406,22),(1,363,1),(1,609,32),(2,652,1),(2,558,17),(4,662,30),(1,20,31),(5,265,14),(1,39,27),(4,563,16),(2,521,2),(1,682,6),(2,698,39),(1,315,18),(3,43,8),(9,256,3),(2,675,16),(10,42,7),(7,80,36),(4,150,8),(6,601,34),(8,580,27),(3,681,2),(4,583,32),(1,302,36),(1,604,37),(6,358,7),(2,509,14),(1,682,26),(1,108,8),(7,349,31),(6,230,12),(5,447,7),(5,428,25),(3,465,39),(3,437,19),(6,681,3),(2,148,11),(2,312,24),(2,8,21),(1,48,18),(1,64,9),(1,132,30),(4,12,7),(3,160,3),(7,69,10),(1,305,6),(1,28,16),(3,68,26),(6,577,26),(4,474,17),(8,399,16),(1,139,33),(1,247,19),(4,652,34),(5,614,16),(10,432,22),(7,176,36),(7,275,21),(4,257,31),(3,330,30),(1,312,6),(3,600,26),(2,319,2),(3,636,25),(7,309,5),(6,393,30),(3,284,15),(6,518,27),(6,365,40),(5,97,29),(2,1,33),(6,689,15),(5,645,18),(3,631,28),(1,666,34),(5,230,8),(1,539,16),(2,418,21),(2,230,3),(4,203,34),(5,32,33),(3,556,10),(3,487,14),(4,125,25),(2,150,39),(3,309,29),(1,321,18),(1,150,34),(1,563,22),(2,548,26),(3,688,7),(2,178,18),(1,240,32),(1,387,22),(1,606,22),(3,83,1),(2,82,20),(4,451,33),(4,356,24),(1,400,16),(2,574,10),(10,517,20),(1,48,31),(3,59,32),(4,282,6),(3,48,35),(5,658,12),(1,633,15),(5,659,2),(1,312,24),(5,506,11),(4,570,9),(6,393,17),(1,669,8),(2,25,8),(4,220,5),(9,419,10),(8,180,32),(1,365,29),(1,444,37),(3,211,29),(6,142,17),(1,69,2),(4,319,19),(2,172,24),(8,548,11),(5,197,6),(1,475,10),(4,499,27),(3,375,8),(2,495,19),(1,225,26),(5,552,34),(4,206,19),(2,228,2),(1,91,32),(3,523,2),(1,254,22),(1,375,15),(1,300,29),(1,599,35),(2,681,4),(9,448,39),(9,567,27),(3,672,24),(5,417,26),(7,503,30),(1,383,34),(3,80,1),(8,532,39),(1,541,36),(1,445,38),(7,39,33),(10,548,28),(1,360,1),(5,414,12),(5,367,33),(6,671,40),(5,254,40),(9,467,6),(7,462,22),(1,343,14),(2,67,24),(2,357,38),(3,280,8),(8,561,28),(2,578,23),(7,556,29),(9,200,39),(1,324,3),(2,45,5),(2,26,13),(4,261,17),(3,149,28),(2,351,32),(3,591,13),(3,12,3),(1,469,35),(4,604,33),(4,628,13),(10,515,11),(1,267,11),(3,261,28),(3,652,8),(7,262,23),(2,567,12),(1,392,35),(1,473,25),(6,557,28),(3,69,29),(2,275,23),(4,604,37),(2,334,2),(6,9,20),(2,532,18),(3,374,33),(2,672,19),(3,547,4),(1,128,23),(1,418,40),(4,304,27),(9,130,18),(2,462,39),(2,384,32),(1,286,26),(1,570,28),(7,602,36),(1,225,40),(3,279,17),(2,180,23),(8,408,31),(1,340,19),(1,223,15),(2,564,20),(1,275,22),(6,129,39),(2,516,22),(4,386,9),(2,650,5),(3,487,8),(2,545,19),(6,696,28),(7,124,31),(3,309,33),(3,199,34),(3,143,36),(2,218,22),(1,391,14),(4,6,23),(1,647,32),(4,608,22),(1,280,37),(7,470,29),(3,192,7),(2,672,31),(1,119,10),(3,217,3),(1,681,20),(1,520,27),(2,158,9),(2,448,1),(1,533,11),(4,589,27),(8,202,1),(3,200,29),(2,237,39),(4,187,3),(4,618,23),(1,285,11),(2,487,18),(2,496,24),(1,669,26),(2,259,22),(2,700,31),(1,407,28),(1,217,28),(3,396,2),(1,118,20),(4,488,5),(4,600,1),(6,437,31),(1,429,7),(1,110,9),(2,183,29),(2,253,12),(2,90,40),(4,285,15),(2,691,32),(5,648,9),(9,674,30),(5,398,9),(5,99,22),(1,399,20),(3,78,13),(4,298,31),(1,194,23),(1,41,12),(1,202,18),(2,322,8),(1,147,15),(5,613,28),(2,342,14),(4,506,16),(8,387,25),(3,622,38),(2,569,24),(6,42,13),(1,610,25),(7,376,13),(2,403,30),(2,437,22),(3,683,5),(4,233,29),(1,44,29),(4,8,24),(9,53,33),(5,666,28),(5,409,23),(1,222,2),(2,186,36),(2,333,29),(2,651,2),(5,272,20),(7,616,33),(1,554,11),(5,394,17),(2,339,3),(1,258,34),(1,215,34),(3,363,30),(1,405,39),(3,335,29),(4,221,25),(1,509,29),(7,384,11),(2,587,33),(6,571,7),(2,215,10),(8,502,9),(6,638,16),(1,271,33),(4,384,33),(7,420,3),(5,525,10),(2,598,18),(5,193,40),(1,23,34),(6,246,27),(1,546,20),(2,315,6),(3,339,27),(2,472,35),(1,12,35),(4,658,8),(1,185,19),(4,74,28),(2,539,20),(4,379,40),(1,449,22),(5,336,20),(1,495,29),(1,534,38),(3,578,22),(7,312,30),(6,240,12),(8,227,13),(1,81,17),(3,209,13),(2,390,26),(6,496,22),(3,325,11),(2,97,18),(5,357,40),(2,224,27),(2,630,16),(1,489,37),(1,68,7),(2,41,2),(5,451,17),(5,102,14),(1,547,20),(1,468,6),(2,381,23),(5,541,21),(7,222,37),(8,685,3),(6,674,29),(2,286,13),(2,64,27),(6,113,24),(4,116,21),(1,25,13),(3,370,28),(1,75,30),(1,192,21),(6,256,14),(3,240,25),(2,622,18),(3,227,24),(1,313,33),(4,275,13),(2,153,11),(2,207,17),(7,323,39),(1,412,15),(2,594,36),(1,343,14),(4,684,21),(5,163,18),(4,295,14),(2,87,30),(3,7,33),(1,476,26),(1,254,21),(4,423,8),(9,453,20),(6,103,7),(3,263,17),(5,421,22),(1,179,4),(3,358,30),(1,119,27),(2,432,23),(5,6,22),(2,267,34),(1,149,14),(4,472,18),(5,597,18),(2,216,32),(4,123,30),(2,367,8),(5,640,20),(1,683,29),(1,453,10),(2,475,21),(2,53,38),(1,444,34),(4,669,15),(9,167,7),(4,275,37),(5,113,16),(2,50,13),(9,278,3),(6,199,7),(2,316,31),(1,614,29),(3,101,10),(3,407,3),(1,398,1),(5,669,9),(5,586,13),(10,98,4),(1,57,34),(6,593,14),(8,176,37),(1,416,1),(3,456,1),(1,472,16),(4,643,11),(8,5,24),(2,604,13),(2,183,22),(4,367,21),(1,453,37),(1,556,30),(2,208,3),(1,606,29),(4,443,40),(2,554,28),(2,161,8),(3,438,28),(2,377,5),(8,608,6),(5,701,31),(4,5,27),(1,260,32),(3,18,5),(2,164,26),(4,202,14),(1,651,16),(3,599,6),(5,681,1),(6,447,16),(4,511,17),(1,23,7),(1,1,40),(4,558,18),(1,242,37),(1,429,4),(1,555,2),(3,602,35),(6,284,37),(1,625,10),(2,684,7),(1,349,33),(3,346,10),(5,102,28),(4,455,13),(5,281,39),(6,659,17),(4,280,36),(1,225,5),(5,151,24),(7,551,14),(1,566,17),(1,169,29),(1,452,15),(4,348,7),(3,623,37),(3,323,40),(4,462,4),(3,277,37),(1,493,20),(2,484,1),(1,403,13),(8,463,23),(1,640,39),(1,362,32),(1,432,24),(6,387,31),(3,503,24),(4,148,1),(2,44,4),(6,602,32),(4,234,30),(2,404,7),(8,431,6),(1,694,8),(7,502,29),(4,360,4),(5,461,6),(1,472,39),(4,268,7),(1,15,36),(4,452,13),(1,278,36),(2,35,3),(3,591,40),(2,652,5),(5,134,7),(8,627,10),(2,641,15),(4,225,4),(2,454,32),(1,267,13),(1,494,35),(2,650,32),(4,35,6),(8,220,2),(3,399,9),(2,383,40),(2,497,10),(1,693,28),(6,147,40),(6,69,7),(2,574,16),(4,103,22),(1,162,29),(6,374,19),(1,551,13),(1,296,13),(3,498,11),(5,456,35),(1,327,2),(4,67,3),(1,573,15),(1,501,29),(5,295,33),(6,299,23),(7,201,8),(10,527,40),(1,406,29),(1,640,8),(7,24,40),(1,579,38),(1,629,26),(5,646,14),(2,356,36),(6,662,24),(5,18,4),(2,93,26),(3,353,24),(9,358,24),(1,593,6),(1,661,31),(8,248,10),(2,227,11),(6,285,6),(1,493,16),(2,116,34),(2,165,31),(1,100,18),(2,35,38),(2,236,22),(4,228,16),(8,353,26),(4,232,12),(4,449,14),(4,232,3),(2,462,3),(4,451,34),(1,222,1),(8,652,19),(5,86,31),(1,353,11),(1,45,37),(6,571,33),(3,137,26),(1,445,21),(5,562,39),(5,14,10),(2,548,18),(3,324,24),(2,649,30),(1,592,30),(6,57,17),(3,202,24),(1,143,10),(1,636,39),(3,587,26),(1,313,15),(3,133,28),(3,104,36),(1,599,1),(6,411,13),(2,298,7),(2,279,18),(2,586,38),(5,385,18),(2,582,25),(1,668,23),(1,62,20),(6,282,26),(3,272,21),(5,376,22),(4,327,40),(1,26,27),(5,316,27),(1,154,39),(7,293,29),(2,57,23),(5,556,7),(1,681,17),(2,290,5),(1,218,24),(4,119,6),(6,602,1),(1,409,25),(4,627,24),(9,327,19),(4,424,24),(1,347,33),(4,457,39),(2,224,11),(5,626,26),(1,583,10),(2,232,32),(2,268,35),(5,62,17),(1,282,37),(1,183,25),(4,278,4),(5,221,31),(1,511,18),(1,168,20),(1,541,22),(3,164,12),(2,396,33),(1,119,29),(7,520,26),(1,519,39),(3,429,36),(5,329,37),(3,150,32),(7,460,34),(7,136,14),(2,114,26),(9,687,34),(6,27,32),(7,443,26),(3,603,12),(1,188,39),(7,112,31),(2,162,20),(1,81,40),(6,248,13),(5,535,19),(8,611,32),(1,410,24),(2,655,30),(5,365,36),(1,267,11),(3,95,19),(1,136,18),(5,582,10),(1,453,27),(3,102,5),(1,405,28),(10,195,2),(6,339,10),(4,461,34),(1,484,31),(1,100,32),(4,82,29),(2,675,18),(2,197,14),(3,341,4),(5,441,12),(1,117,16),(3,76,26),(5,603,35),(4,319,29),(3,48,11),(1,111,17),(6,342,30),(4,54,2),(5,554,31),(5,73,7),(4,283,8),(1,665,34),(3,179,17),(2,470,17),(1,527,36),(1,652,21),(4,415,37),(1,4,11),(1,383,34),(3,7,15),(4,247,23),(1,276,35),(7,553,38),(6,445,29),(1,274,27),(1,308,29),(2,160,5),(6,248,8),(3,187,35),(5,511,27),(6,295,39),(6,184,36),(2,479,33),(2,93,13),(4,486,32),(2,554,25),(3,136,39),(4,228,33),(4,146,36),(1,640,8),(2,74,33),(3,239,5),(6,205,33),(5,199,17),(2,595,12),(5,571,27),(3,454,14),(5,663,29),(1,668,17),(1,35,31),(3,128,38),(1,66,18),(2,277,30),(2,509,18),(3,39,5),(2,501,14),(4,515,18),(1,301,34),(2,438,5),(1,347,34),(3,579,3),(2,194,32),(3,396,19),(5,144,34),(2,333,28),(3,584,7),(3,578,34),(4,422,18),(7,592,2),(2,169,38),(2,281,26),(3,313,13),(1,304,4),(4,281,34),(2,12,15),(1,568,13),(1,240,10),(4,603,37),(7,23,13),(1,574,10),(1,283,35),(2,201,10),(3,161,23),(1,321,35),(1,671,22),(4,248,29),(3,564,25),(1,346,4),(4,201,21),(2,64,24),(5,394,39),(1,116,11),(1,290,20),(7,386,25),(1,387,1),(2,581,37),(2,535,24),(1,542,35),(7,198,40),(8,472,21),(1,653,1),(3,211,37),(1,90,13),(2,498,15),(1,62,23),(4,252,36),(4,354,19),(3,236,2),(6,57,2),(2,650,9),(4,103,14),(4,446,28),(5,390,16),(5,124,5),(4,333,18),(2,495,31),(7,662,39),(10,505,5),(1,443,5),(5,103,31),(4,567,33),(4,528,10),(5,184,27),(2,671,3),(2,298,18),(1,15,8),(1,463,19),(1,359,28),(2,191,23),(2,170,33),(6,345,12),(1,81,12),(9,580,2),(1,155,32),(5,232,9),(2,337,18),(4,550,35),(1,614,27),(8,56,11),(2,506,4),(5,155,26),(2,226,17),(2,195,1),(1,659,7),(1,320,21),(6,15,19),(3,541,22),(7,547,8),(6,320,37),(7,95,12),(1,539,30),(2,620,22),(8,13,31),(4,544,8),(1,343,17),(6,610,20),(1,509,1),(4,454,35),(1,395,12),(2,589,16),(1,147,10),(10,162,14),(7,584,21),(2,680,1),(9,432,6),(6,155,7),(9,471,22),(5,249,12),(1,104,28),(4,679,26),(2,448,1),(3,504,14),(1,385,18),(1,628,7),(9,355,18),(2,598,25),(4,642,17),(1,240,15),(2,445,2),(2,221,37),(4,424,35),(3,698,13),(8,581,35),(1,652,15),(1,84,17),(4,478,7),(4,468,19),(2,319,37),(7,386,33),(2,81,21),(3,451,10),(2,675,22),(4,675,32),(1,356,24),(6,290,26),(2,104,31),(1,357,10),(5,112,6),(1,658,39),(1,573,36),(9,254,2),(1,438,37),(1,281,28);
/*!40000 ALTER TABLE `order_details` ENABLE KEYS */;
UNLOCK TABLES;

--
-- Table structure for table `orders`
--

DROP TABLE IF EXISTS `orders`;
/*!40101 SET @saved_cs_client     = @@character_set_client */;
/*!50503 SET character_set_client = utf8mb4 */;
CREATE TABLE `orders` (
  `Order_ID` int NOT NULL AUTO_INCREMENT,
  `order_date` date NOT NULL,
  `shipped_date` date DEFAULT NULL,
  `Client_ID` int NOT NULL,
  PRIMARY KEY (`Order_ID`),
  KEY `fk_Orders_Clients1_idx` (`Client_ID`),
  CONSTRAINT `fk_Orders_Clients1` FOREIGN KEY (`Client_ID`) REFERENCES `clients` (`Client_ID`) ON DELETE RESTRICT ON UPDATE CASCADE
) ENGINE=InnoDB AUTO_INCREMENT=702 DEFAULT CHARSET=utf8mb3;
/*!40101 SET character_set_client = @saved_cs_client */;

--
-- Dumping data for table `orders`
--

LOCK TABLES `orders` WRITE;
/*!40000 ALTER TABLE `orders` DISABLE KEYS */;
INSERT INTO `orders` VALUES (1,'2021-03-01','2021-03-03',1),(2,'2021-03-01','2021-03-03',2),(3,'2021-03-01','2021-03-03',3),(4,'2021-03-01','2021-03-03',4),(5,'2021-03-01','2021-03-03',5),(6,'2021-03-01','2021-03-03',6),(7,'2021-03-01','2021-03-03',7),(8,'2021-03-01','2021-03-03',8),(9,'2021-03-01','2021-03-03',9),(10,'2021-03-01','2021-03-03',10),(11,'2021-03-01','2021-03-03',11),(12,'2021-03-01','2021-03-03',12),(13,'2021-03-01','2021-03-03',13),(14,'2021-03-01','2021-03-03',14),(15,'2021-03-01','2021-03-03',15),(16,'2021-03-01','2021-03-03',16),(17,'2021-03-01','2021-03-03',17),(18,'2021-03-01','2021-03-03',18),(19,'2021-03-01','2021-03-03',19),(20,'2021-03-01','2021-03-03',20),(21,'2021-03-01','2021-03-03',21),(22,'2021-03-01','2021-03-03',22),(23,'2021-03-01','2021-03-03',23),(24,'2021-03-01','2021-03-03',24),(25,'2021-03-01','2021-03-03',25),(26,'2021-03-01','2021-03-03',26),(27,'2021-03-01','2021-03-03',27),(28,'2021-03-01','2021-03-03',28),(29,'2021-03-01','2021-03-03',29),(30,'2021-03-01','2021-03-03',30),(31,'2021-03-01','2021-03-03',31),(32,'2021-03-01','2021-03-03',32),(33,'2021-03-01','2021-03-03',33),(34,'2021-03-01','2021-03-03',34),(35,'2021-03-01','2021-03-03',35),(36,'2021-03-01','2021-03-03',36),(37,'2021-03-01','2021-03-03',37),(38,'2021-03-01','2021-03-03',38),(39,'2021-03-01','2021-03-03',39),(40,'2021-03-01','2021-03-03',40),(41,'2021-03-01','2021-03-03',41),(42,'2021-03-01','2021-03-03',42),(43,'2021-03-01','2021-03-03',43),(44,'2021-03-01','2021-03-03',44),(45,'2021-03-01','2021-03-03',45),(46,'2021-03-01','2021-03-03',46),(47,'2021-03-01','2021-03-03',47),(48,'2021-03-01','2021-03-03',48),(49,'2021-03-01','2021-03-03',49),(50,'2021-03-01','2021-03-03',50),(51,'2021-03-01','2021-03-03',51),(52,'2021-03-01','2021-03-03',52),(53,'2021-03-01','2021-03-03',53),(54,'2021-03-01','2021-03-03',54),(55,'2021-03-01','2021-03-03',55),(56,'2021-03-01','2021-03-03',56),(57,'2021-03-01','2021-03-03',57),(58,'2021-03-01','2021-03-03',58),(59,'2021-03-01','2021-03-03',59),(60,'2021-03-01','2021-03-03',60),(61,'2021-03-01','2021-03-03',61),(62,'2021-03-01','2021-03-03',62),(63,'2021-03-01','2021-03-03',63),(64,'2021-03-01','2021-03-03',64),(65,'2021-03-01','2021-03-03',65),(66,'2021-03-01','2021-03-03',66),(67,'2021-03-01','2021-03-03',67),(68,'2021-03-01','2021-03-03',68),(69,'2021-03-01','2021-03-03',69),(70,'2021-03-01','2021-03-03',70),(71,'2021-03-01','2021-03-03',71),(72,'2021-03-01','2021-03-03',72),(73,'2021-03-01','2021-03-03',73),(74,'2021-03-01','2021-03-03',74),(75,'2021-03-01','2021-03-03',75),(76,'2021-03-01','2021-03-03',76),(77,'2021-03-01','2021-03-03',77),(78,'2021-03-01','2021-03-03',78),(79,'2021-03-01','2021-03-03',79),(80,'2021-03-01','2021-03-03',80),(81,'2021-03-01','2021-03-03',81),(82,'2021-03-01','2021-03-03',82),(83,'2021-03-01','2021-03-03',83),(84,'2021-03-01','2021-03-03',84),(85,'2021-03-01','2021-03-03',85),(86,'2021-03-01','2021-03-03',86),(87,'2021-03-01','2021-03-03',87),(88,'2021-03-01','2021-03-03',88),(89,'2021-03-01','2021-03-03',89),(90,'2021-03-01','2021-03-03',90),(91,'2021-03-01','2021-03-03',91),(92,'2021-03-01','2021-03-03',92),(93,'2021-03-01','2021-03-03',93),(94,'2021-03-01','2021-03-03',94),(95,'2021-03-01','2021-03-03',95),(96,'2021-03-01','2021-03-03',96),(97,'2021-03-01','2021-03-03',97),(98,'2021-03-01','2021-03-03',98),(99,'2021-03-01','2021-03-03',99),(100,'2021-03-01','2021-03-03',100),(101,'2021-03-01','2021-03-03',101),(102,'2021-03-01','2021-03-03',102),(103,'2021-03-01','2021-03-03',103),(104,'2021-03-01','2021-03-03',104),(105,'2021-03-01','2021-03-03',105),(106,'2021-03-01','2021-03-03',106),(107,'2021-03-01','2021-03-03',107),(108,'2021-03-01','2021-03-03',108),(109,'2021-03-01','2021-03-03',109),(110,'2021-03-01','2021-03-03',110),(111,'2021-03-08','2021-03-11',1),(112,'2021-03-08','2021-03-11',2),(113,'2021-03-08','2021-03-11',3),(114,'2021-03-08','2021-03-11',4),(115,'2021-03-08','2021-03-11',5),(116,'2021-03-08','2021-03-11',6),(117,'2021-03-08','2021-03-11',7),(118,'2021-03-08','2021-03-11',8),(119,'2021-03-08','2021-03-11',9),(120,'2021-03-08','2021-03-11',10),(121,'2021-03-08','2021-03-11',11),(122,'2021-03-08','2021-03-11',12),(123,'2021-03-08','2021-03-11',13),(124,'2021-03-08','2021-03-11',14),(125,'2021-03-08','2021-03-11',15),(126,'2021-03-08','2021-03-11',16),(127,'2021-03-08','2021-03-11',17),(128,'2021-03-08','2021-03-11',18),(129,'2021-03-08','2021-03-11',19),(130,'2021-03-08','2021-03-11',20),(131,'2021-03-08','2021-03-11',21),(132,'2021-03-08','2021-03-11',22),(133,'2021-03-08','2021-03-11',23),(134,'2021-03-08','2021-03-11',24),(135,'2021-03-08','2021-03-11',25),(136,'2021-03-08','2021-03-11',26),(137,'2021-03-08','2021-03-11',27),(138,'2021-03-08','2021-03-11',28),(139,'2021-03-08','2021-03-11',29),(140,'2021-03-08','2021-03-11',30),(141,'2021-03-08','2021-03-11',31),(142,'2021-03-08','2021-03-11',32),(143,'2021-03-08','2021-03-11',33),(144,'2021-03-08','2021-03-11',34),(145,'2021-03-08','2021-03-11',35),(146,'2021-03-08','2021-03-11',36),(147,'2021-03-08','2021-03-11',37),(148,'2021-03-08','2021-03-11',38),(149,'2021-03-08','2021-03-11',39),(150,'2021-03-08','2021-03-11',40),(151,'2021-03-08','2021-03-11',41),(152,'2021-03-08','2021-03-11',42),(153,'2021-03-08','2021-03-11',43),(154,'2021-03-08','2021-03-11',44),(155,'2021-03-08','2021-03-11',45),(156,'2021-03-08','2021-03-11',46),(157,'2021-03-08','2021-03-11',47),(158,'2021-03-08','2021-03-11',48),(159,'2021-03-08','2021-03-11',49),(160,'2021-03-08','2021-03-11',50),(161,'2021-03-08','2021-03-11',51),(162,'2021-03-08','2021-03-11',52),(163,'2021-03-08','2021-03-11',53),(164,'2021-03-08','2021-03-11',54),(165,'2021-03-08','2021-03-11',55),(166,'2021-03-08','2021-03-11',56),(167,'2021-03-08','2021-03-11',57),(168,'2021-03-08','2021-03-11',58),(169,'2021-03-08','2021-03-11',59),(170,'2021-03-08','2021-03-11',60),(171,'2021-03-08','2021-03-11',61),(172,'2021-03-08','2021-03-11',62),(173,'2021-03-08','2021-03-11',63),(174,'2021-03-08','2021-03-11',64),(175,'2021-03-08','2021-03-11',65),(176,'2021-03-08','2021-03-11',66),(177,'2021-03-08','2021-03-11',67),(178,'2021-03-08','2021-03-11',68),(179,'2021-03-08','2021-03-11',69),(180,'2021-03-08','2021-03-11',70),(181,'2021-03-08','2021-03-11',71),(182,'2021-03-08','2021-03-11',72),(183,'2021-03-08','2021-03-11',73),(184,'2021-03-08','2021-03-11',74),(185,'2021-03-08','2021-03-11',75),(186,'2021-03-08','2021-03-11',76),(187,'2021-03-08','2021-03-11',77),(188,'2021-03-08','2021-03-11',78),(189,'2021-03-08','2021-03-11',79),(190,'2021-03-08','2021-03-11',80),(191,'2021-03-08','2021-03-11',81),(192,'2021-03-08','2021-03-11',82),(193,'2021-03-08','2021-03-11',83),(194,'2021-03-08','2021-03-11',84),(195,'2021-03-08','2021-03-11',85),(196,'2021-03-08','2021-03-11',86),(197,'2021-03-08','2021-03-11',87),(198,'2021-03-08','2021-03-11',88),(199,'2021-03-08','2021-03-11',89),(200,'2021-03-08','2021-03-11',90),(201,'2021-03-08','2021-03-11',91),(202,'2021-03-08','2021-03-11',92),(203,'2021-03-08','2021-03-11',93),(204,'2021-03-08','2021-03-11',94),(205,'2021-03-08','2021-03-11',95),(206,'2021-03-08','2021-03-11',96),(207,'2021-03-08','2021-03-11',97),(208,'2021-03-08','2021-03-11',98),(209,'2021-03-08','2021-03-11',99),(210,'2021-03-08','2021-03-11',100),(211,'2021-03-08','2021-03-11',101),(212,'2021-03-08','2021-03-11',102),(213,'2021-03-08','2021-03-11',103),(214,'2021-03-08','2021-03-11',104),(215,'2021-03-08','2021-03-11',105),(216,'2021-03-08','2021-03-11',106),(217,'2021-03-08','2021-03-11',107),(218,'2021-03-08','2021-03-11',108),(219,'2021-03-08','2021-03-11',109),(220,'2021-03-08','2021-03-11',110),(221,'2021-03-15','2021-03-18',1),(222,'2021-03-15','2021-03-18',2),(223,'2021-03-15','2021-03-18',3),(224,'2021-03-15','2021-03-18',4),(225,'2021-03-15','2021-03-18',5),(226,'2021-03-15','2021-03-18',6),(227,'2021-03-15','2021-03-18',7),(228,'2021-03-15','2021-03-18',8),(229,'2021-03-15','2021-03-18',9),(230,'2021-03-15','2021-03-18',10),(231,'2021-03-15','2021-03-18',11),(232,'2021-03-15','2021-03-18',12),(233,'2021-03-15','2021-03-18',13),(234,'2021-03-15','2021-03-18',14),(235,'2021-03-15','2021-03-18',15),(236,'2021-03-15','2021-03-18',16),(237,'2021-03-15','2021-03-18',17),(238,'2021-03-15','2021-03-18',18),(239,'2021-03-15','2021-03-18',19),(240,'2021-03-15','2021-03-18',20),(241,'2021-03-15','2021-03-18',21),(242,'2021-03-15','2021-03-18',22),(243,'2021-03-15','2021-03-18',23),(244,'2021-03-15','2021-03-18',24),(245,'2021-03-15','2021-03-18',25),(246,'2021-03-15','2021-03-18',26),(247,'2021-03-15','2021-03-18',27),(248,'2021-03-15','2021-03-18',28),(249,'2021-03-15','2021-03-18',29),(250,'2021-03-15','2021-03-18',30),(251,'2021-03-15','2021-03-18',31),(252,'2021-03-15','2021-03-18',32),(253,'2021-03-15','2021-03-18',33),(254,'2021-03-15','2021-03-18',34),(255,'2021-03-15','2021-03-18',35),(256,'2021-03-15','2021-03-18',36),(257,'2021-03-15','2021-03-18',37),(258,'2021-03-15','2021-03-18',38),(259,'2021-03-15','2021-03-18',39),(260,'2021-03-15','2021-03-18',40),(261,'2021-03-15','2021-03-18',41),(262,'2021-03-15','2021-03-18',42),(263,'2021-03-15','2021-03-18',43),(264,'2021-03-15','2021-03-18',44),(265,'2021-03-15','2021-03-18',45),(266,'2021-03-15','2021-03-18',46),(267,'2021-03-15','2021-03-18',47),(268,'2021-03-15','2021-03-18',48),(269,'2021-03-15','2021-03-18',49),(270,'2021-03-15','2021-03-18',50),(271,'2021-03-15','2021-03-18',51),(272,'2021-03-15','2021-03-18',52),(273,'2021-03-15','2021-03-18',53),(274,'2021-03-15','2021-03-18',54),(275,'2021-03-15','2021-03-18',55),(276,'2021-03-15','2021-03-18',56),(277,'2021-03-15','2021-03-18',57),(278,'2021-03-15','2021-03-18',58),(279,'2021-03-15','2021-03-18',59),(280,'2021-03-15','2021-03-18',60),(281,'2021-03-15','2021-03-18',61),(282,'2021-03-15','2021-03-18',62),(283,'2021-03-15','2021-03-18',63),(284,'2021-03-15','2021-03-18',64),(285,'2021-03-15','2021-03-18',65),(286,'2021-03-15','2021-03-18',66),(287,'2021-03-15','2021-03-18',67),(288,'2021-03-15','2021-03-18',68),(289,'2021-03-15','2021-03-18',69),(290,'2021-03-15','2021-03-18',70),(291,'2021-03-15','2021-03-18',71),(292,'2021-03-15','2021-03-18',72),(293,'2021-03-15','2021-03-18',73),(294,'2021-03-15','2021-03-18',74),(295,'2021-03-15','2021-03-18',75),(296,'2021-03-15','2021-03-18',76),(297,'2021-03-15','2021-03-18',77),(298,'2021-03-15','2021-03-18',78),(299,'2021-03-15','2021-03-18',79),(300,'2021-03-15','2021-03-18',80),(301,'2021-03-15','2021-03-18',81),(302,'2021-03-15','2021-03-18',82),(303,'2021-03-15','2021-03-18',83),(304,'2021-03-15','2021-03-18',84),(305,'2021-03-15','2021-03-18',85),(306,'2021-03-15','2021-03-18',86),(307,'2021-03-15','2021-03-18',87),(308,'2021-03-15','2021-03-18',88),(309,'2021-03-15','2021-03-18',89),(310,'2021-03-15','2021-03-18',90),(311,'2021-03-15','2021-03-18',91),(312,'2021-03-15','2021-03-18',92),(313,'2021-03-15','2021-03-18',93),(314,'2021-03-15','2021-03-18',94),(315,'2021-03-15','2021-03-18',95),(316,'2021-03-15','2021-03-18',96),(317,'2021-03-15','2021-03-18',97),(318,'2021-03-15','2021-03-18',98),(319,'2021-03-15','2021-03-18',99),(320,'2021-03-15','2021-03-18',100),(321,'2021-03-15','2021-03-18',101),(322,'2021-03-15','2021-03-18',102),(323,'2021-03-15','2021-03-18',103),(324,'2021-03-15','2021-03-18',104),(325,'2021-03-15','2021-03-18',105),(326,'2021-03-15','2021-03-18',106),(327,'2021-03-15','2021-03-18',107),(328,'2021-03-15','2021-03-18',108),(329,'2021-03-15','2021-03-18',109),(330,'2021-03-15','2021-03-18',110),(331,'2021-03-22','2021-03-25',1),(332,'2021-03-22','2021-03-25',2),(333,'2021-03-22','2021-03-25',3),(334,'2021-03-22','2021-03-25',4),(335,'2021-03-22','2021-03-25',5),(336,'2021-03-22','2021-03-25',6),(337,'2021-03-22','2021-03-25',7),(338,'2021-03-22','2021-03-25',8),(339,'2021-03-22','2021-03-25',9),(340,'2021-03-22','2021-03-25',10),(341,'2021-03-22','2021-03-25',11),(342,'2021-03-22','2021-03-25',12),(343,'2021-03-22','2021-03-25',13),(344,'2021-03-22','2021-03-25',14),(345,'2021-03-22','2021-03-25',15),(346,'2021-03-22','2021-03-25',16),(347,'2021-03-22','2021-03-25',17),(348,'2021-03-22','2021-03-25',18),(349,'2021-03-22','2021-03-25',19),(350,'2021-03-22','2021-03-25',20),(351,'2021-03-22','2021-03-25',21),(352,'2021-03-22','2021-03-25',22),(353,'2021-03-22','2021-03-25',23),(354,'2021-03-22','2021-03-25',24),(355,'2021-03-22','2021-03-25',25),(356,'2021-03-22','2021-03-25',26),(357,'2021-03-22','2021-03-25',27),(358,'2021-03-22','2021-03-25',28),(359,'2021-03-22','2021-03-25',29),(360,'2021-03-22','2021-03-25',30),(361,'2021-03-22','2021-03-25',31),(362,'2021-03-22','2021-03-25',32),(363,'2021-03-22','2021-03-25',33),(364,'2021-03-22','2021-03-25',34),(365,'2021-03-22','2021-03-25',35),(366,'2021-03-22','2021-03-25',36),(367,'2021-03-22','2021-03-25',37),(368,'2021-03-22','2021-03-25',38),(369,'2021-03-22','2021-03-25',39),(370,'2021-03-22','2021-03-25',40),(371,'2021-03-22','2021-03-25',41),(372,'2021-03-22','2021-03-25',42),(373,'2021-03-22','2021-03-25',43),(374,'2021-03-22','2021-03-25',44),(375,'2021-03-22','2021-03-25',45),(376,'2021-03-22','2021-03-25',46),(377,'2021-03-22','2021-03-25',47),(378,'2021-03-22','2021-03-25',48),(379,'2021-03-22','2021-03-25',49),(380,'2021-03-22','2021-03-25',50),(381,'2021-03-22','2021-03-25',51),(382,'2021-03-22','2021-03-25',52),(383,'2021-03-22','2021-03-25',53),(384,'2021-03-22','2021-03-25',54),(385,'2021-03-22','2021-03-25',55),(386,'2021-03-22','2021-03-25',56),(387,'2021-03-22','2021-03-25',57),(388,'2021-03-22','2021-03-25',58),(389,'2021-03-22','2021-03-25',59),(390,'2021-03-22','2021-03-25',60),(391,'2021-03-22','2021-03-25',61),(392,'2021-03-22','2021-03-25',62),(393,'2021-03-22','2021-03-25',63),(394,'2021-03-22','2021-03-25',64),(395,'2021-03-22','2021-03-25',65),(396,'2021-03-22','2021-03-25',66),(397,'2021-03-22','2021-03-25',67),(398,'2021-03-22','2021-03-25',68),(399,'2021-03-22','2021-03-25',69),(400,'2021-03-22','2021-03-25',70),(401,'2021-03-22','2021-03-25',71),(402,'2021-03-22','2021-03-25',72),(403,'2021-03-22','2021-03-25',73),(404,'2021-03-22','2021-03-25',74),(405,'2021-03-22','2021-03-25',75),(406,'2021-03-22','2021-03-25',76),(407,'2021-03-22','2021-03-25',77),(408,'2021-03-22','2021-03-25',78),(409,'2021-03-22','2021-03-25',79),(410,'2021-03-22','2021-03-25',80),(411,'2021-03-22','2021-03-25',81),(412,'2021-03-22','2021-03-25',82),(413,'2021-03-22','2021-03-25',83),(414,'2021-03-22','2021-03-25',84),(415,'2021-03-22','2021-03-25',85),(416,'2021-03-22','2021-03-25',86),(417,'2021-03-22','2021-03-25',87),(418,'2021-03-22','2021-03-25',88),(419,'2021-03-22','2021-03-25',89),(420,'2021-03-22','2021-03-25',90),(421,'2021-03-22','2021-03-25',91),(422,'2021-03-22','2021-03-25',92),(423,'2021-03-22','2021-03-25',93),(424,'2021-03-22','2021-03-25',94),(425,'2021-03-22','2021-03-25',95),(426,'2021-03-22','2021-03-25',96),(427,'2021-03-22','2021-03-25',97),(428,'2021-03-22','2021-03-25',98),(429,'2021-03-22','2021-03-25',99),(430,'2021-03-22','2021-03-25',100),(431,'2021-03-22','2021-03-25',101),(432,'2021-03-22','2021-03-25',102),(433,'2021-03-22','2021-03-25',103),(434,'2021-03-22','2021-03-25',104),(435,'2021-03-22','2021-03-25',105),(436,'2021-03-22','2021-03-25',106),(437,'2021-03-22','2021-03-25',107),(438,'2021-03-22','2021-03-25',108),(439,'2021-03-22','2021-03-25',109),(440,'2021-03-22','2021-03-25',110),(441,'2021-03-29',NULL,1),(442,'2021-03-29',NULL,2),(443,'2021-03-29',NULL,3),(444,'2021-03-29',NULL,4),(445,'2021-03-29',NULL,5),(446,'2021-03-29',NULL,6),(447,'2021-03-29',NULL,7),(448,'2021-03-29',NULL,8),(449,'2021-03-29',NULL,9),(450,'2021-03-29',NULL,10),(451,'2021-03-29',NULL,11),(452,'2021-03-29',NULL,12),(453,'2021-03-29',NULL,13),(454,'2021-03-29',NULL,14),(455,'2021-03-29',NULL,15),(456,'2021-03-29',NULL,16),(457,'2021-03-29',NULL,17),(458,'2021-03-29',NULL,18),(459,'2021-03-29',NULL,19),(460,'2021-03-29',NULL,20),(461,'2021-03-29',NULL,21),(462,'2021-03-29',NULL,22),(463,'2021-03-29',NULL,23),(464,'2021-03-29',NULL,24),(465,'2021-03-29',NULL,25),(466,'2021-03-29',NULL,26),(467,'2021-03-29',NULL,27),(468,'2021-03-29',NULL,28),(469,'2021-03-29',NULL,29),(470,'2021-03-29',NULL,30),(471,'2021-03-29',NULL,31),(472,'2021-03-29',NULL,32),(473,'2021-03-29',NULL,33),(474,'2021-03-29',NULL,34),(475,'2021-03-29',NULL,35),(476,'2021-03-29',NULL,36),(477,'2021-03-29',NULL,37),(478,'2021-03-29',NULL,38),(479,'2021-03-29',NULL,39),(480,'2021-03-29',NULL,40),(481,'2021-03-29',NULL,41),(482,'2021-03-29',NULL,42),(483,'2021-03-29',NULL,43),(484,'2021-03-29',NULL,44),(485,'2021-03-29',NULL,45),(486,'2021-03-29',NULL,46),(487,'2021-03-29',NULL,47),(488,'2021-03-29',NULL,48),(489,'2021-03-29',NULL,49),(490,'2021-03-29',NULL,50),(491,'2021-03-29',NULL,51),(492,'2021-03-29',NULL,52),(493,'2021-03-29',NULL,53),(494,'2021-03-29',NULL,54),(495,'2021-03-29',NULL,55),(496,'2021-03-29',NULL,56),(497,'2021-03-29',NULL,57),(498,'2021-03-29',NULL,58),(499,'2021-03-29',NULL,59),(500,'2021-03-29',NULL,60),(501,'2021-03-29',NULL,61),(502,'2021-03-29',NULL,62),(503,'2021-03-29',NULL,63),(504,'2021-03-29',NULL,64),(505,'2021-03-29',NULL,65),(506,'2021-03-29',NULL,66),(507,'2021-03-29',NULL,67),(508,'2021-03-29',NULL,68),(509,'2021-03-29',NULL,69),(510,'2021-03-29',NULL,70),(511,'2021-03-29',NULL,71),(512,'2021-03-29',NULL,72),(513,'2021-03-29',NULL,73),(514,'2021-03-29',NULL,74),(515,'2021-03-29',NULL,75),(516,'2021-03-29',NULL,76),(517,'2021-03-29',NULL,77),(518,'2021-03-29',NULL,78),(519,'2021-03-29',NULL,79),(520,'2021-03-29',NULL,80),(521,'2021-03-29',NULL,81),(522,'2021-03-29',NULL,82),(523,'2021-03-29',NULL,83),(524,'2021-03-29',NULL,84),(525,'2021-03-29',NULL,85),(526,'2021-03-29',NULL,86),(527,'2021-03-29',NULL,87),(528,'2021-03-29',NULL,88),(529,'2021-03-29',NULL,89),(530,'2021-03-29',NULL,90),(531,'2021-03-29',NULL,91),(532,'2021-03-29',NULL,92),(533,'2021-03-29',NULL,93),(534,'2021-03-29',NULL,94),(535,'2021-03-29',NULL,95),(536,'2021-03-29',NULL,96),(537,'2021-03-29',NULL,97),(538,'2021-03-29',NULL,98),(539,'2021-03-29',NULL,99),(540,'2021-03-29',NULL,100),(541,'2021-03-29',NULL,101),(542,'2021-03-29',NULL,102),(543,'2021-03-29',NULL,103),(544,'2021-03-29',NULL,104),(545,'2021-03-29',NULL,105),(546,'2021-03-29',NULL,106),(547,'2021-03-29',NULL,107),(548,'2021-03-29',NULL,108),(549,'2021-03-29',NULL,109),(550,'2021-03-29',NULL,110),(551,'2021-03-04','2021-03-07',100),(552,'2021-03-01','2021-03-04',72),(553,'2021-03-04','2021-03-07',8),(554,'2021-03-10','2021-03-13',45),(555,'2021-03-23','2021-03-26',58),(556,'2021-03-27','2021-03-30',99),(557,'2021-03-10','2021-03-13',43),(558,'2021-03-07','2021-03-10',69),(559,'2021-03-02','2021-03-05',98),(560,'2021-03-23','2021-03-26',20),(561,'2021-03-21','2021-03-24',78),(562,'2021-03-04','2021-03-07',60),(563,'2021-03-19','2021-03-22',40),(564,'2021-03-10','2021-03-13',54),(565,'2021-03-26','2021-03-29',14),(566,'2021-03-28','2021-03-31',63),(567,'2021-03-15','2021-03-18',69),(568,'2021-03-01','2021-03-04',31),(569,'2021-03-02','2021-03-05',55),(570,'2021-03-22','2021-03-25',107),(571,'2021-03-13','2021-03-16',68),(572,'2021-03-20','2021-03-23',108),(573,'2021-03-03','2021-03-06',77),(574,'2021-03-07','2021-03-10',57),(575,'2021-03-22','2021-03-25',71),(576,'2021-03-18','2021-03-21',107),(577,'2021-03-19','2021-03-22',1),(578,'2021-03-29',NULL,20),(579,'2021-03-03','2021-03-06',30),(580,'2021-03-23','2021-03-26',7),(581,'2021-03-18','2021-03-21',27),(582,'2021-03-27','2021-03-30',39),(583,'2021-03-10','2021-03-13',95),(584,'2021-03-08','2021-03-11',9),(585,'2021-03-08','2021-03-11',33),(586,'2021-03-18','2021-03-21',72),(587,'2021-03-20','2021-03-23',62),(588,'2021-03-26','2021-03-29',78),(589,'2021-03-22','2021-03-25',102),(590,'2021-03-11','2021-03-14',81),(591,'2021-03-27','2021-03-30',103),(592,'2021-03-23','2021-03-26',72),(593,'2021-03-02','2021-03-05',56),(594,'2021-03-16','2021-03-19',54),(595,'2021-03-05','2021-03-08',63),(596,'2021-03-24','2021-03-27',106),(597,'2021-03-02','2021-03-05',13),(598,'2021-03-22','2021-03-25',95),(599,'2021-03-12','2021-03-15',22),(600,'2021-03-07','2021-03-10',44),(601,'2021-03-08','2021-03-11',72),(602,'2021-03-12','2021-03-15',44),(603,'2021-03-28','2021-03-31',74),(604,'2021-03-30',NULL,6),(605,'2021-03-21','2021-03-24',73),(606,'2021-03-21','2021-03-24',6),(607,'2021-03-02','2021-03-05',77),(608,'2021-03-29',NULL,56),(609,'2021-03-14','2021-03-17',34),(610,'2021-03-04','2021-03-07',42),(611,'2021-03-30',NULL,57),(612,'2021-03-03','2021-03-06',41),(613,'2021-03-19','2021-03-22',19),(614,'2021-03-29',NULL,80),(615,'2021-03-21','2021-03-24',52),(616,'2021-03-23','2021-03-26',93),(617,'2021-03-21','2021-03-24',66),(618,'2021-03-01','2021-03-04',6),(619,'2021-03-03','2021-03-06',31),(620,'2021-03-17','2021-03-20',76),(621,'2021-03-08','2021-03-11',74),(622,'2021-03-17','2021-03-20',55),(623,'2021-03-22','2021-03-25',95),(624,'2021-03-17','2021-03-20',93),(625,'2021-03-30',NULL,52),(626,'2021-03-03','2021-03-06',1),(627,'2021-03-01','2021-03-04',45),(628,'2021-03-04','2021-03-07',31),(629,'2021-03-21','2021-03-24',6),(630,'2021-03-03','2021-03-06',54),(631,'2021-03-20','2021-03-23',48),(632,'2021-03-18','2021-03-21',35),(633,'2021-03-23','2021-03-26',108),(634,'2021-03-01','2021-03-04',1),(635,'2021-03-13','2021-03-16',28),(636,'2021-03-10','2021-03-13',31),(637,'2021-03-16','2021-03-19',62),(638,'2021-03-11','2021-03-14',44),(639,'2021-03-23','2021-03-26',63),(640,'2021-03-29',NULL,92),(641,'2021-03-01','2021-03-04',93),(642,'2021-03-30',NULL,32),(643,'2021-03-27','2021-03-30',81),(644,'2021-03-30',NULL,60),(645,'2021-03-29',NULL,34),(646,'2021-03-14','2021-03-17',2),(647,'2021-03-05','2021-03-08',80),(648,'2021-03-24','2021-03-27',26),(649,'2021-03-28','2021-03-31',92),(650,'2021-03-30',NULL,77),(651,'2021-03-30',NULL,69),(652,'2021-03-10','2021-03-13',66),(653,'2021-03-01','2021-03-04',50),(654,'2021-03-01','2021-03-04',69),(655,'2021-03-29',NULL,9),(656,'2021-03-14','2021-03-17',66),(657,'2021-03-31',NULL,94),(658,'2021-03-26','2021-03-29',8),(659,'2021-03-20','2021-03-23',75),(660,'2021-03-19','2021-03-22',62),(661,'2021-03-05','2021-03-08',60),(662,'2021-03-12','2021-03-15',81),(663,'2021-03-27','2021-03-30',60),(664,'2021-03-28','2021-03-31',87),(665,'2021-03-09','2021-03-12',95),(666,'2021-03-09','2021-03-12',12),(667,'2021-03-01','2021-03-04',25),(668,'2021-03-13','2021-03-16',58),(669,'2021-03-20','2021-03-23',96),(670,'2021-03-12','2021-03-15',52),(671,'2021-03-29',NULL,56),(672,'2021-03-18','2021-03-21',22),(673,'2021-03-26','2021-03-29',96),(674,'2021-03-22','2021-03-25',6),(675,'2021-03-19','2021-03-22',96),(676,'2021-03-31',NULL,25),(677,'2021-03-25','2021-03-28',84),(678,'2021-03-18','2021-03-21',77),(679,'2021-03-31',NULL,106),(680,'2021-03-25','2021-03-28',54),(681,'2021-03-02','2021-03-05',91),(682,'2021-03-13','2021-03-16',66),(683,'2021-03-12','2021-03-15',89),(684,'2021-03-22','2021-03-25',45),(685,'2021-03-17','2021-03-20',2),(686,'2021-03-23','2021-03-26',84),(687,'2021-03-01','2021-03-04',17),(688,'2021-03-28','2021-03-31',87),(689,'2021-03-13','2021-03-16',31),(690,'2021-03-26','2021-03-29',57),(691,'2021-03-13','2021-03-16',86),(692,'2021-03-09','2021-03-12',72),(693,'2021-03-18','2021-03-21',5),(694,'2021-03-30',NULL,4),(695,'2021-03-19','2021-03-22',35),(696,'2021-03-13','2021-03-16',41),(697,'2021-03-19','2021-03-22',45),(698,'2021-03-30',NULL,82),(699,'2021-03-31',NULL,100),(700,'2021-03-28','2021-03-31',32),(701,'2021-03-22','2021-03-25',46);
/*!40000 ALTER TABLE `orders` ENABLE KEYS */;
UNLOCK TABLES;

--
-- Table structure for table `products`
--

DROP TABLE IF EXISTS `products`;
/*!40101 SET @saved_cs_client     = @@character_set_client */;
/*!50503 SET character_set_client = utf8mb4 */;
CREATE TABLE `products` (
  `Product_ID` int NOT NULL AUTO_INCREMENT,
  `name` varchar(45) NOT NULL,
  `type` varchar(30) NOT NULL COMMENT 'Tequila, Cabernet, Pilsner, etc\n',
  `category` varchar(1) NOT NULL COMMENT 'Category will be a single letter (L)iquor, (B)eer, and (W)ine',
  `price` decimal(10,0) NOT NULL,
  `size` varchar(5) NOT NULL COMMENT 'case, keg, btl, liter, 750ml, etc\n',
  PRIMARY KEY (`Product_ID`)
) ENGINE=InnoDB AUTO_INCREMENT=41 DEFAULT CHARSET=utf8mb3;
/*!40101 SET character_set_client = @saved_cs_client */;

--
-- Dumping data for table `products`
--

LOCK TABLES `products` WRITE;
/*!40000 ALTER TABLE `products` DISABLE KEYS */;
INSERT INTO `products` VALUES (1,'Belvedere','Vodka','L',41,'LITER'),(2,'Chopin ','Vodka','L',44,'LITER'),(3,'Absolut','Vodka','L',28,'LITER'),(4,'Deep Eddy Lime','Vodka','L',22,'LITER'),(5,'Grey Goose','Vodka','L',40,'LITER'),(6,'Ketel One Vodka ','Vodka','L',34,'LITER'),(7,'Tito\'s Vodka','Vodka','L',21,'LITER'),(8,'Bombay Sapphire ','Gin','L',36,'LITER'),(9,'Hendricks Gin','Gin','L',49,'LITER'),(10,'Tanqueray ','Gin','L',35,'LITER'),(11,'Bacardi','Rum','L',21,'LITER'),(12,'Captain Morgan ','Rum','L',27,'LITER'),(13,'Parrot Bay Rum','Rum','L',17,'LITER'),(14,'Malibu','Rum','L',23,'LITER'),(15,'Myers Dark Rum','Rum','L',30,'LITER'),(16,'Casamigos Blanco','Tequila','L',56,'LITER'),(17,'Casamigos Reposado','Tequila','L',58,'LITER'),(18,'Don Julio Anejo','Tequila','L',50,'LITER'),(19,'Don Julio Blanco','Tequila','L',46,'LITER'),(20,'El Jimador Tequila','Tequila','L',21,'LITER'),(21,'Patron Silver','Tequila','L',38,'LITER'),(22,'Courvousier','Cognac','L',22,'750ML'),(23,'Hennessay VS','Cognac','L',38,'750ML'),(24,'Castle Rock Cabernet','Red','W',9,'BTL'),(25,'Castle Rock Chard','White','W',7,'BTL'),(26,'Castle Rock Merlo','Red','W',8,'BTL'),(27,'Castle Rock Pinot Noir','Red','W',8,'BTL'),(28,'Hirschback Reisling','White','W',7,'BTL'),(29,'Minuty Rose','Blush','W',7,'BTL'),(30,'Tiamo Prosecco','Sparkling','W',7,'BTL'),(31,'Bud light','Domestic','B',17,'CASE'),(32,'Budweiser','Domestic','B',17,'CASE'),(33,'Coors light','Domestic','B',18,'CASE'),(34,'Corona','Import','B',18,'CASE'),(35,'Corona Light','Import','B',18,'CASE'),(36,'Heineken','Import','B',20,'CASE'),(37,'MGD','Domestic','B',17,'CASE'),(38,'Michelob Ultra','Domestic','B',19,'CASE'),(39,'Miller Lite','Domestic','B',17,'CASE'),(40,'Stella Artois','Import','B',22,'CASE');
/*!40000 ALTER TABLE `products` ENABLE KEYS */;
UNLOCK TABLES;

--
-- Table structure for table `sales_reps`
--

DROP TABLE IF EXISTS `sales_reps`;
/*!40101 SET @saved_cs_client     = @@character_set_client */;
/*!50503 SET character_set_client = utf8mb4 */;
CREATE TABLE `sales_reps` (
  `Employee_ID` tinyint NOT NULL AUTO_INCREMENT,
  `first_name` varchar(45) NOT NULL,
  `last_name` varchar(45) NOT NULL,
  `phone` varchar(12) NOT NULL,
  `email` varchar(45) NOT NULL,
  `salary` decimal(10,0) NOT NULL,
  PRIMARY KEY (`Employee_ID`)
) ENGINE=InnoDB AUTO_INCREMENT=22 DEFAULT CHARSET=utf8mb3;
/*!40101 SET character_set_client = @saved_cs_client */;

--
-- Dumping data for table `sales_reps`
--

LOCK TABLES `sales_reps` WRITE;
/*!40000 ALTER TABLE `sales_reps` DISABLE KEYS */;
INSERT INTO `sales_reps` VALUES (1,'Essie','Freeman','773-913-7400','EssiePFreeman@windycity.com',45000),(2,'Maureen','Saunders','773-612-2285','MaureenJSaunders@windycity.com',51000),(3,'Carol','Johnson','847-759-0108','CarolJJohnson@windycity.com',42000),(4,'Daniel','Morgan','847-879-5833','DanielDMorgan@windycity.com',42000),(5,'Eric','Smyth','847-615-4976','EricBSmyth@windycity.com',52000),(6,'Jeffrey','Manz','815-914-7898','JeffreySManz@windycity.com',48000),(7,'Ricky','Mickel','773-562-4583','RickyAMickel@windycity.com',49000),(8,'Chester','Bennett','630-748-1651','ChesterBBennett@windycity.com',51000),(9,'Kevin','Giancola','618-960-8595','KevinRGiancola@windycity.com',43000),(10,'George','Carrillo','618-968-2037','GeorgeJCarrillo@windycity.com',47000),(11,'Mary','Gaines','708-512-0225','MaryAGaines@windycity.com',49000),(12,'Greg','Cain','847-328-0034','GregDCain@windycity.com',46000),(13,'Aaron','Christenson','312-231-5537','AaronJChristenson@windycity.com',45000),(14,'Brian','McDowell','847-293-3232','BrianVMcDowell@windycity.com',52000),(15,'Roger','Lawrence','217-778-5740','RogerSLawrence@windycity.com',43000),(16,'Helen','Patton','217-624-2166','HelenDPatton@windycity.com',41000),(17,'Pearlie','Herbst','708-641-8654','PearlieJHerbst@windycity.com',47000),(18,'Michael','Garrett','708-480-7647','MichaelEGarrett@windycity.com',55000),(19,'Thomas','Davidson','217-871-1751','ThomasCDavidson@windycity.com',43000),(20,'Mark','Campbell','773-415-5306','MarkPCampbell@windycity.com',49000),(21,'Monica','Haines','847-403-7353','MonicaVHaines@windycity.com',40000);
/*!40000 ALTER TABLE `sales_reps` ENABLE KEYS */;
UNLOCK TABLES;
/*!40103 SET TIME_ZONE=@OLD_TIME_ZONE */;

/*!40101 SET SQL_MODE=@OLD_SQL_MODE */;
/*!40014 SET FOREIGN_KEY_CHECKS=@OLD_FOREIGN_KEY_CHECKS */;
/*!40014 SET UNIQUE_CHECKS=@OLD_UNIQUE_CHECKS */;
/*!40101 SET CHARACTER_SET_CLIENT=@OLD_CHARACTER_SET_CLIENT */;
/*!40101 SET CHARACTER_SET_RESULTS=@OLD_CHARACTER_SET_RESULTS */;
/*!40101 SET COLLATION_CONNECTION=@OLD_COLLATION_CONNECTION */;
/*!40111 SET SQL_NOTES=@OLD_SQL_NOTES */;

-- Dump completed on 2021-12-13 22:08:46
