ID,Tm,Pos,Age,G,GS,MP,FG,FGA,FG%,3P,3PA,3P%,2P,2PA,2P%,eFG%,FT,FTA,FT%,ORB,DRB,TRB,AST,STL,BLK,TOV,PF,PTS
1,TOR,C,22,73,28,23.6,3.6,8.3,0.439,0.8,2.1,0.359,2.9,6.1,0.468,0.486,1.1,1.8,0.595,2,4.5,6.5,1.1,0.5,0.6,1.2,2.1,9.1
2,MEM,C,28,76,75,26.3,2.8,5.1,0.547,0,0,0,2.8,5,0.548,0.547,1.4,2.6,0.543,4.6,5.4,10,3.4,0.9,0.8,1.5,2,6.9
3,MIA,C,24,56,56,32.6,7.3,13,0.557,0,0.1,0,7.3,12.9,0.562,0.557,4.6,6.1,0.753,2.4,7.6,10.1,3.4,1.4,0.8,2.6,3.1,19.1
4,MEM,PF,21,32,0,11.3,1.7,4.1,0.402,0.2,1.5,0.125,1.5,2.6,0.56,0.424,0.6,1,0.625,1,1.7,2.7,0.7,0.2,0.3,0.5,1.1,4.1
5,BRK,C,36,47,12,22.3,5.4,9.7,0.55,0.3,1,0.304,5.1,8.8,0.578,0.566,1.9,2.2,0.873,1.6,3.9,5.5,0.9,0.3,1,0.9,1.7,12.9
6,NOP,SG,23,50,19,26.3,4.7,12.6,0.375,1.9,6.1,0.311,2.8,6.5,0.434,0.45,1.4,1.9,0.722,0.7,2.6,3.3,2.8,0.8,0.4,1.7,1.8,12.8
6,UTA,SG,23,15,2,9.9,1.1,3.2,0.333,0.7,2.2,0.303,0.4,1,0.4,0.438,0.7,0.8,0.917,0.1,1.5,1.5,1.1,0.3,0.3,0.5,1,3.5
7,MIL,SG,26,66,61,27.3,3.9,8.6,0.448,2.4,5.9,0.409,1.5,2.7,0.533,0.588,1,1.1,0.865,0.5,2.9,3.4,1.5,0.7,0.3,0.7,1.5,11.1
8,CLE,C,23,56,56,32.3,6.6,9.7,0.677,0,0.2,0.1,6.6,9.6,0.688,0.678,2.9,4.2,0.708,3.4,7.3,10.8,1.6,0.8,1.3,1.7,1.7,16.1
9,NOP,PG,23,54,1,15.4,2.4,5.4,0.446,0.6,2,0.291,1.8,3.4,0.538,0.5,0.7,1,0.679,0.5,1.4,1.9,2.8,1.3,0.1,0.7,1.4,6.1
10,CLE,SF,28,3,0,15.7,1.3,2.7,0.5,0.7,2,0.333,0.7,0.7,1,0.625,1,1.3,0.75,0,2,2,2,0.3,0,0.7,1.3,4.3
10,IND,SF,28,13,6,20.7,2.5,6.7,0.368,1,4.1,0.245,1.5,2.6,0.559,0.443,0.9,1.2,0.8,0.3,2.8,3.1,2.1,0.5,0.5,0.5,1.4,6.8
11,MEM,PF,28,69,11,21.5,3,6.8,0.446,0.5,1.6,0.33,2.5,5.2,0.481,0.484,1,1.5,0.638,1,4.3,5.3,2.7,1.1,0.7,1,1.6,7.6
12,MIL,PF,27,67,67,32.9,10.3,18.6,0.553,1.1,3.6,0.293,9.2,15,0.616,0.582,8.3,11.4,0.722,2,9.6,11.6,5.8,1.1,1.4,3.3,3.2,29.9
13,MIL,SF,29,48,6,9.9,1.5,2.7,0.547,0,0.3,0.143,1.4,2.4,0.596,0.555,0.6,1,0.63,0.8,1.3,2.1,0.5,0.3,0.3,0.5,1.4,3.6
14,LAL,PF,37,69,3,26,4.6,10.5,0.441,2.2,5.8,0.375,2.5,4.7,0.521,0.544,1.9,2.3,0.83,0.9,3.3,4.2,1,0.7,0.8,0.9,2.4,13.3
15,ORL,PG,21,65,65,31.7,5.5,14,0.391,2,6,0.338,3.5,8,0.432,0.464,3.3,3.9,0.854,0.5,4.9,5.4,5.7,0.7,0.3,2.6,2.6,16.3
16,TOR,SF,24,48,48,36,6.4,14.5,0.443,2.4,6.6,0.363,4,7.9,0.511,0.526,1.9,2.5,0.754,1.5,4,5.5,2.6,1.5,0.5,1.7,2.7,17.1
17,NYK,PG,27,10,0,7.6,0.6,1.2,0.5,0.4,0.9,0.444,0.2,0.3,0.667,0.667,0,0,0,0,0.8,0.8,0.4,0.1,0,0.3,0.5,1.6
18,LAL,SF,36,24,11,19.3,1.4,4.1,0.333,0.8,3.1,0.27,0.5,1,0.52,0.434,0.4,0.8,0.556,0.4,3,3.4,1.1,0.5,0.3,0.5,0.8,4
19,HOU,PG,34,34,2,15,1.6,4,0.404,1.1,2.8,0.406,0.5,1.2,0.4,0.548,1,1.1,0.868,0.2,1,1.2,2.2,0.3,0,1.3,0.5,5.4
19,LAL,PG,34,21,0,17.8,1.9,4.1,0.453,1.4,3.2,0.426,0.5,0.9,0.556,0.622,0.2,0.2,1,0.2,1.1,1.3,1.6,0.3,0,0.5,1,5.3
20,WAS,SF,21,82,8,24.2,3,7.1,0.432,1,3.2,0.317,2,3.9,0.525,0.503,1.3,1.7,0.757,0.6,4.5,5.2,2,0.7,0.5,1.1,2.3,8.4
21,WAS,SG,21,7,0,2.9,0.1,0.9,0.167,0,0.1,0,0.1,0.7,0.2,0.167,0,0,0,0.1,0.3,0.4,0.6,0,0,0,0,0.3
22,PHO,C,23,58,58,29.5,7.6,12,0.634,0.1,0.3,0.368,7.5,11.7,0.642,0.639,1.8,2.4,0.746,2.6,7.7,10.2,1.4,0.7,0.7,1.6,2.4,17.2
23,UTA,C,22,17,6,11.5,2.2,2.9,0.755,0,0,0,2.2,2.9,0.755,0.755,0.4,0.6,0.545,1.1,3.1,4.2,0,0.1,0.6,0.7,1.5,4.7
24,SAC,PF,22,30,17,21.9,3.8,8.2,0.463,0.5,2.1,0.242,3.3,6.1,0.538,0.494,1.2,1.6,0.745,2.2,4.9,7.2,0.6,0.3,0.4,0.7,1.7,9.3
24,DET,PF,22,18,8,27.2,6.2,11.1,0.555,0.4,1.9,0.229,5.7,9.2,0.624,0.575,1.8,3,0.593,2.1,4.7,6.8,1.1,0.7,0.4,1,2.4,14.6
25,CHO,PG,20,75,75,32.3,7.2,16.7,0.429,2.9,7.5,0.389,4.2,9.2,0.462,0.517,2.8,3.2,0.872,1.4,5.2,6.7,7.6,1.6,0.4,3.3,3.2,20.1
26,CHI,PG,24,35,35,34.6,4.6,10.9,0.423,3.1,7.4,0.423,1.5,3.5,0.423,0.567,0.6,0.8,0.75,1,4.4,5.4,5.1,1.8,0.9,2.3,2.4,13
27,ORL,C,23,71,69,25.7,4.2,8.7,0.48,1.5,4,0.381,2.7,4.7,0.563,0.566,0.8,1,0.781,2.1,6,8.1,1.2,0.5,1.7,1.1,2.6,10.6
28,MEM,SF,23,76,76,29.8,6.7,14.5,0.461,3,6.9,0.436,3.7,7.6,0.484,0.565,1.8,2,0.903,0.6,3.8,4.4,2.7,1.2,0.4,1.5,2.6,18.2
29,TOR,SF,22,64,1,10.9,1.3,3.2,0.411,0.2,0.8,0.255,1.1,2.4,0.464,0.443,0.4,0.7,0.591,0.6,1.3,1.9,1.5,0.4,0.2,0.8,1.1,3.2
30,ATL,PG,27,3,0,4.3,0,1.3,0,0,0,0,0,1.3,0,0,0,1.3,0,0.3,0.7,1,1,0,0,0.3,0.3,0
31,SAC,PF,29,77,77,33.6,5.1,10.8,0.469,1.8,4.7,0.394,3.2,6.2,0.525,0.554,4.4,5.4,0.826,1.1,4.5,5.6,2.4,0.7,0.2,1.5,1.2,16.4
32,TOR,PF,20,74,74,35.4,6.2,12.6,0.492,0.8,2.6,0.301,5.4,10,0.543,0.524,2.1,2.9,0.735,2.6,4.9,7.5,3.5,1.1,0.7,1.8,2.6,15.3
33,NYK,SF,21,70,70,34.5,7,17.1,0.408,2,5.8,0.342,5,11.3,0.442,0.466,4.1,5.8,0.714,0.9,4.9,5.8,3,0.6,0.2,2.2,2,20
34,DEN,SG,31,71,71,32.1,5.5,12.6,0.438,2.2,6.1,0.365,3.3,6.6,0.504,0.525,1.4,1.8,0.803,0.6,4.2,4.8,3.9,0.8,0.4,1.8,1.6,14.7
35,PHO,SF,26,2,0,3.5,1,3,0.333,0,1,0,1,2,0.5,0.333,1,1,1,1,1,2,0,0.5,0,1,1,3
36,PHI,PF,21,23,0,7.3,1.3,2,0.638,0,0.2,0,1.3,1.9,0.698,0.638,0.4,0.5,0.75,1,1.7,2.7,0.3,0.2,0.7,0.3,1.4,3
37,SAS,SF,26,59,14,16.2,2.3,4.5,0.517,0.3,0.9,0.309,2,3.5,0.572,0.549,0.8,1,0.754,1.1,2.9,3.9,0.7,0.5,0.2,0.8,1,5.7
38,LAC,PF,33,59,54,24.8,3,6.6,0.463,1.8,4.6,0.4,1.2,2,0.607,0.602,0.4,0.6,0.658,0.5,3.8,4.3,1.7,1,0.7,0.7,1.4,8.3
39,LAL,SF,32,39,14,14,1.2,3.6,0.324,0.7,2.1,0.363,0.4,1.5,0.271,0.428,0.3,0.4,0.765,0.3,1.4,1.8,0.9,0.6,0.2,0.5,1.8,3.4
40,OKC,PF,21,69,53,27.9,4,9.4,0.422,1.2,3.9,0.297,2.8,5.5,0.511,0.484,1.7,2.5,0.688,1,5.3,6.3,1.4,0.8,1,1.3,1,10.8
41,WAS,SG,28,40,40,36,8.7,19.3,0.451,1.6,5.3,0.3,7.1,14,0.508,0.492,4.2,5.1,0.833,1,3.8,4.7,6.6,0.9,0.4,3.4,2.4,23.2
42,MIN,SG,25,79,18,25,4.2,10.8,0.391,3,8.1,0.377,1.2,2.7,0.432,0.532,0.6,0.8,0.817,0.3,2.5,2.9,1.5,0.5,0.2,0.5,1.1,12.1
43,CHI,C,27,1,0,2,0,0,0,0,0,0,0,0,0,0,0,0,0,1,0,1,0,1,0,0,2,0
44,BRK,SF,27,48,20,19.8,2.5,4.4,0.568,0.3,0.8,0.417,2.2,3.7,0.599,0.603,0.4,0.7,0.6,0.8,2.4,3.2,1.3,1,0.5,0.6,2.2,5.8
44,MIL,SF,27,8,0,9.6,0.4,1,0.375,0,0,0,0.4,1,0.375,0.375,0,0,0,0.5,0.9,1.4,0.8,0.3,0,0.1,1.1,0.8
45,WAS,PF,29,34,0,14.7,1.8,5,0.351,1.4,4.2,0.319,0.4,0.8,0.519,0.485,0.8,0.9,0.933,0.2,1.6,1.8,0.5,0.3,0.2,0.4,1.6,5.7
45,DAL,PF,29,22,0,13.9,1.8,4.7,0.375,1.4,3.9,0.36,0.4,0.8,0.444,0.524,0.4,0.5,0.8,0.3,2.3,2.5,0.7,0.3,0.3,0.2,1.4,5.3
46,MIN,PG,33,58,54,25.4,3.1,7.5,0.406,1.4,4.2,0.343,1.6,3.3,0.485,0.501,1.7,2.3,0.722,1.1,3.1,4.1,4.6,1.2,0.9,1.3,3,9.2
47,DET,SF,22,82,82,33,5.5,13.9,0.396,2.6,7.4,0.346,2.9,6.4,0.454,0.489,2.6,3.1,0.827,1.3,4.1,5.4,2.8,0.9,0.2,1.2,1.6,16.1
48,TOR,C,29,55,28,18,1.8,3.6,0.485,0,0.3,0,1.8,3.4,0.522,0.485,1,1.3,0.746,2.2,2.1,4.3,1,0.5,0.5,0.5,1.9,4.5
49,IND,C,22,50,16,14.6,2.6,5,0.52,0.5,1.6,0.288,2.2,3.4,0.628,0.565,1.3,1.9,0.681,1.6,2,3.5,1.1,0.4,0.8,0.9,2.1,7
50,PHO,C,29,36,3,14.1,2.4,4,0.593,0,0,0,2.4,4,0.593,0.593,1.1,2,0.535,1.8,2.9,4.6,0.6,0.3,0.7,0.7,1.9,5.8
51,GSW,C,33,71,0,16.1,2.3,4.8,0.468,0.8,2.1,0.362,1.5,2.7,0.549,0.547,0.8,1.1,0.728,0.9,3.3,4.1,2.2,0.6,0.4,1.2,1.8,6.1
52,LAC,PG,32,54,29,25.2,3.6,8.7,0.421,0.9,3,0.313,2.7,5.6,0.479,0.475,1.6,2.2,0.761,0.5,2.9,3.4,4.2,1.3,0.4,2.1,1.6,9.9
53,POR,SF,26,31,1,11.3,1.1,3.6,0.306,0.7,2.3,0.292,0.4,1.3,0.333,0.401,0.2,0.4,0.545,0.5,0.9,1.5,0.6,0.4,0,0.5,0.9,3.1
54,ATL,SG,29,63,27,29.3,5.4,12.6,0.431,2.7,7.3,0.368,2.7,5.3,0.516,0.537,1.5,1.8,0.843,0.5,3.5,4,3.1,1.1,0.2,1.1,2.1,15.1
55,UTA,PF,32,69,69,30.9,6.1,13.4,0.455,2.6,6.8,0.387,3.5,6.7,0.524,0.552,3.2,3.8,0.858,0.8,3.4,4.3,1.7,0.5,0,1.7,1.7,18.1
56,DEN,PF,22,14,0,5.8,1.1,1.9,0.556,0.1,0.3,0.25,1,1.6,0.609,0.574,0.1,0.4,0.4,0.3,1.1,1.4,0.4,0.1,0.1,0.3,0.3,2.4
57,MIN,SF,21,35,2,6.9,0.5,1.5,0.315,0.1,0.5,0.278,0.3,1,0.333,0.361,0.3,0.4,0.846,0.5,0.8,1.2,0.6,0.2,0,0.4,0.7,1.4
58,TOR,SF,22,15,0,4.6,0.2,0.9,0.231,0.1,0.3,0.25,0.1,0.6,0.222,0.269,0.3,0.5,0.625,0.3,0.2,0.5,0.3,0.5,0.1,0.1,0.7,0.8
59,PHO,SG,25,68,68,34.5,9.7,20.9,0.466,2.7,7,0.383,7,13.9,0.508,0.53,4.6,5.3,0.868,0.7,4.4,5,4.8,1.1,0.4,2.4,2.6,26.8
60,LAC,SG,20,51,0,14.9,2.5,6.4,0.385,0.7,2.2,0.306,1.8,4.2,0.425,0.437,1.2,1.4,0.819,0.3,1.8,2.2,1,0.5,0.3,0.6,0.8,6.7
61,TOR,PF,29,80,9,21.1,3.4,7.2,0.464,0.9,2.9,0.297,2.5,4.4,0.575,0.523,1.9,2.4,0.777,2.2,3.9,6.2,0.3,0.6,0.9,0.5,2.2,9.4
62,CHO,SG,21,31,0,9.8,1.6,4.5,0.348,0.5,1.6,0.347,1,3,0.348,0.408,0.9,1,0.871,0.7,1,1.7,0.8,0.2,0,0.5,0.9,4.6
63,LAL,SG,31,62,45,22.7,2.4,5.6,0.423,1.3,3.4,0.39,1.1,2.3,0.471,0.54,0.3,0.3,0.889,0.5,1.7,2.2,0.8,0.9,0.1,0.6,1.9,6.4
64,CHI,C,24,55,7,10,1.3,2.2,0.585,0,0,0,1.3,2.2,0.585,0.585,0.3,0.5,0.655,1.2,2.2,3.4,0.5,0.2,0.6,0.6,1.1,3
65,ORL,SF,23,42,1,12.8,1.9,4.5,0.431,0.6,2.1,0.31,1.3,2.4,0.535,0.503,0.5,0.8,0.656,0.5,1.2,1.7,0.9,0.2,0.1,0.4,1.1,5
66,PHO,SF,25,82,82,34.8,5.6,10.5,0.534,1.4,3.8,0.369,4.2,6.7,0.628,0.601,1.6,1.9,0.834,0.9,3.3,4.2,2.3,1.2,0.4,0.8,1.8,14.2
67,CHO,PF,23,80,80,35.5,7.5,15.2,0.491,1.9,5.8,0.331,5.5,9.4,0.59,0.554,3.3,4.2,0.802,1.1,5.9,7,3.8,0.9,0.8,1.9,2.4,20.2
68,IND,SF,23,67,25,23.3,3.1,7.6,0.411,1.2,3.5,0.35,1.9,4,0.465,0.493,1.7,2.4,0.695,1.6,3.7,5.3,1.1,0.7,0.4,0.8,1.7,9.1
69,IND,PG,29,36,36,33.5,6.8,15.1,0.448,1.6,5.2,0.312,5.1,9.9,0.518,0.501,4,4.6,0.856,0.9,4.2,5.1,5.9,0.8,0.4,2.1,2,19.1
70,HOU,SG,23,41,8,16.8,2.1,6.1,0.347,1.6,5.2,0.3,0.6,0.9,0.605,0.474,0.4,0.5,0.842,0.3,1.7,2,1.2,0.5,0.2,0.6,1.5,6.2
70,TOR,PG,23,13,3,11.8,0.8,2.9,0.289,0.8,2.8,0.278,0.1,0.2,0.5,0.421,0.2,0.2,1,0.6,1.1,1.7,1,0.5,0.2,0.3,1.1,2.6
71,MEM,SF,26,32,31,27.7,7.1,16.4,0.432,1.4,4.7,0.309,5.7,11.8,0.48,0.475,2.8,3.3,0.849,0.9,2.3,3.2,2.8,1.1,0.3,1.6,3.3,18.4
72,BRK,SF,25,72,45,24.6,3.6,7,0.506,0.5,1.3,0.404,3,5.7,0.529,0.543,1.3,1.8,0.758,1.4,3.4,4.8,2.1,1.1,0.7,0.8,2.4,9
73,DAL,SG,24,3,0,5,0.3,1.7,0.2,0,1,0,0.3,0.7,0.5,0.2,0,0,0,0,0.3,0.3,0.3,0.7,0.3,0,0.7,0.7
73,PHI,SG,24,19,2,8.5,0.5,1.8,0.265,0.1,0.5,0.111,0.4,1.3,0.32,0.279,0.5,0.5,0.9,0.7,0.9,1.6,0.3,0.4,0.2,0.3,0.8,1.5
74,LAL,SF,23,2,0,10.5,0.5,3.5,0.143,0,1.5,0,0.5,2,0.25,0.143,0,0,0,0,1,1,0,0,0,0.5,0,1
74,ATL,SG,23,3,2,27.7,3,8.3,0.36,2,5,0.4,1,3.3,0.3,0.48,1.7,2,0.833,0.3,4.3,4.7,1.3,0.7,0,0,2.3,9.7
75,POR,SF,20,48,6,13.3,1.7,4,0.426,0.4,1.3,0.311,1.3,2.7,0.481,0.476,0.9,1.4,0.677,0.8,2,2.8,0.7,0.5,0.5,0.8,1.9,4.7
76,BOS,SF,25,66,66,33.6,8.7,18.4,0.473,2.5,7,0.358,6.2,11.4,0.544,0.541,3.7,4.8,0.758,0.8,5.3,6.1,3.5,1.1,0.3,2.7,2.5,23.6
77,DAL,C,22,26,1,6.5,1,1.9,0.54,0,0,0,1,1.9,0.54,0.54,1,1.7,0.628,0.6,1.7,2.3,0,0.1,0.3,0.5,1.1,3.1
77,CLE,C,22,14,5,12.6,2.6,4.1,0.638,0,0,0,2.6,4.1,0.638,0.638,1.1,2.1,0.552,1.6,3.6,5.3,0,0.3,0.5,0.4,1.8,6.4
78,DAL,SG,26,49,3,12.8,1.2,3.2,0.381,0.6,1.9,0.304,0.6,1.3,0.492,0.471,0.3,0.3,0.933,0.5,2.5,3,0.7,0.3,0.1,0.5,1.1,3.3
79,CHI,SF,22,66,7,16,1.6,3.9,0.419,0.7,2,0.353,0.9,1.9,0.488,0.51,0.3,0.4,0.769,0.6,2.5,3.1,1,0.5,0.1,0.4,0.9,4.3
80,DAL,PG,25,79,61,31.9,6.4,12.8,0.502,1.2,3.2,0.373,5.2,9.6,0.545,0.549,2.3,2.7,0.84,0.5,3.4,3.9,4.8,0.8,0,1.6,1.9,16.3
81,WAS,C,24,27,9,16.3,2.9,5.5,0.52,0.4,1.6,0.286,2.4,3.9,0.613,0.561,1.3,1.5,0.875,1,3,4,0.9,0.2,0.8,0.7,1.6,7.4
82,MEM,PG,25,2,0,5,0.5,2,0.25,0,1,0,0.5,1,0.5,0.25,0,0,0,0.5,0.5,1,1,0.5,0,1,0.5,1
83,DAL,SF,30,68,37,28,3,7.4,0.401,2.1,5.8,0.36,0.9,1.6,0.55,0.542,0.6,0.7,0.833,0.5,3.1,3.5,1.2,0.6,0.2,0.6,1.6,8.6
84,DAL,PG,29,42,0,10.5,2,5.1,0.391,0.6,2,0.317,1.4,3.2,0.436,0.451,0.5,0.5,0.87,0.1,0.7,0.8,1.4,0.3,0,0.6,0.9,5.1
85,NYK,SG,30,81,44,28.6,3.5,9,0.391,1.9,4.8,0.404,1.6,4.2,0.378,0.499,2.7,3.3,0.822,0.6,4.3,4.9,3,1,0.3,1.1,2.7,11.7
86,UTA,SG,21,42,1,8.6,1.5,3.6,0.404,0.7,2.1,0.318,0.8,1.5,0.524,0.497,0.3,0.4,0.688,0.1,1,1.1,1.5,0.4,0.2,0.8,1.1,3.8
87,MIA,SF,32,57,57,33.9,7,14.5,0.48,0.5,2,0.233,6.5,12.5,0.52,0.496,6.9,8,0.87,1.8,4.1,5.9,5.5,1.6,0.5,2.1,1.5,21.4
88,SAS,PF,25,15,0,8.1,1.4,2.1,0.677,0,0,0,1.4,2.1,0.677,0.677,0.3,0.5,0.571,0.5,2.3,2.8,0.4,0.5,0.5,0.2,1.1,3.1
89,WAS,SG,28,77,77,30.2,4.7,10.8,0.435,2.1,5.3,0.39,2.6,5.5,0.48,0.531,1.8,2,0.89,0.5,2.9,3.4,1.9,1.1,0.3,1.3,1.8,13.2
90,DEN,PG,30,65,4,18.2,1.6,4.6,0.361,0.9,3,0.301,0.8,1.6,0.476,0.459,0.9,1.2,0.769,0.4,1.4,1.8,3.4,1,0.4,1,1.9,5.1
91,DEN,PF,24,15,1,11.7,1.5,2.7,0.561,0.5,0.8,0.583,1.1,1.9,0.552,0.646,0.6,0.9,0.643,0.5,1.5,2.1,1.1,0.1,0.2,0.6,1.2,4.1
92,ORL,PG,25,5,0,29,3,8.8,0.341,3,7.4,0.405,0,1.4,0,0.511,1,1.4,0.714,0.2,1,1.2,2,1,0.6,1,1.8,10
93,ATL,C,27,74,73,27.6,5,8.2,0.613,0,0,0,5,8.1,0.614,0.613,1.1,2.3,0.473,3.8,8.1,11.9,1.2,0.7,1.3,0.6,2.2,11.1
94,CHO,C,20,4,1,4.3,0.8,1.5,0.5,0,0,0,0.8,1.5,0.5,0.5,0.5,0.8,0.667,0.8,0.5,1.3,0,0.3,0,0.3,0.3,2
94,WAS,C,20,3,0,9,1.3,2.3,0.571,0,0,0,1.3,2.3,0.571,0.571,1.3,3.3,0.4,1.7,0.7,2.3,0,0.3,0.3,0.7,1,4
95,BRK,PG,26,46,1,12,1.3,3.8,0.333,0.9,2.8,0.331,0.3,1,0.34,0.454,0.2,0.2,0.7,0.2,1.3,1.5,1,0.3,0.2,0.6,1,3.6
95,MIL,PG,26,20,2,17.7,2,4,0.506,1.2,2.2,0.558,0.8,1.8,0.444,0.658,0.4,0.4,1,0.3,1.9,2.2,2.5,0.5,0.2,0.4,1.1,5.6
96,ORL,C,22,62,61,29.9,5.8,11,0.525,1.1,3.5,0.327,4.7,7.6,0.615,0.576,2.3,3.3,0.691,2.2,8.2,10.5,2.8,0.6,0.7,1.9,2.7,15
97,CHI,SG,27,41,18,28,2.5,6.2,0.398,1,3.1,0.333,1.5,3.2,0.462,0.48,1.4,1.8,0.795,0.8,2.8,3.6,4,1.7,0.4,1.4,2.6,7.4
98,DAL,C,28,18,2,9.8,0.9,1.9,0.457,0.1,0.1,0.5,0.8,1.8,0.455,0.471,0.1,0.1,0.5,0.7,1.4,2.1,0.5,0.3,0.2,0.4,0.9,1.9
98,PHI,C,28,2,0,3,0,0,0,0,0,0,0,0,0,0,0,0,0,0,1,1,0.5,0,0,0,1,0
99,IND,PG,25,1,0,1,1,1,1,0,0,0,1,1,1,1,0,0,0,0,0,0,0,0,0,0,0,2
100,TOR,SF,20,36,0,7.8,0.9,1.9,0.463,0.3,0.8,0.357,0.6,1.1,0.538,0.537,0.3,0.3,1,1,1,2,0.3,0.2,0.1,0.2,0.9,2.3
101,UTA,SF,26,1,0,5,0,3,0,0,2,0,0,1,0,0,0,0,0,0,0,0,0,0,0,0,0,0
102,GSW,PG,26,34,1,10.9,0.7,2.4,0.296,0.5,1.6,0.321,0.2,0.8,0.25,0.401,0.1,0.1,0.667,0.3,0.8,1.1,1.9,0.4,0,0.9,0.9,2
103,DAL,PF,24,34,0,10.2,1.8,3.9,0.463,0.2,0.7,0.32,1.6,3.2,0.495,0.493,0.6,1,0.667,1,2.1,3,0.5,0.4,0.4,0.5,1.9,4.5
104,HOU,SG,20,74,2,18,3,6.8,0.448,0.8,2.6,0.296,2.3,4.2,0.54,0.504,1.1,1.5,0.735,0.7,1.8,2.5,2,0.9,0.2,1.5,1.3,7.9
105,NOP,PF,27,38,1,9.9,0.9,2.3,0.375,0.7,1.8,0.4,0.1,0.5,0.278,0.534,0.2,0.3,0.7,0.6,1.8,2.4,0.5,0.3,0.2,0.3,0.5,2.7
106,MEM,PF,25,64,1,19.5,4.5,7,0.644,0.1,0.3,0.227,4.4,6.6,0.666,0.65,1.3,2,0.654,2.1,3.2,5.3,1.3,0.6,1.1,0.5,1.9,10.4
107,UTA,SG,29,79,1,27.1,5.9,14.1,0.419,2.4,7.6,0.318,3.5,6.5,0.535,0.504,1.8,2.2,0.828,0.8,2.6,3.5,2.5,0.8,0.2,1.6,1.9,16
108,BRK,C,22,47,19,20.7,3.8,5.6,0.674,0,0,0,3.8,5.6,0.674,0.674,1.1,2,0.581,1.9,3.7,5.6,0.9,0.5,1.1,0.8,2.3,8.7
109,LAC,SG,24,69,30,22.7,3.1,6.8,0.453,1.4,3.7,0.378,1.7,3.1,0.542,0.556,1.5,1.7,0.863,0.4,2.5,2.9,1.8,0.6,0.2,0.7,1.3,9
110,ATL,PF,24,54,53,30.8,6.3,11.9,0.526,1.2,3.3,0.364,5.1,8.7,0.588,0.576,2.5,3.1,0.793,1.7,6.1,7.8,1.8,0.6,1,1.1,3,16.2
111,SAS,PF,24,28,4,17.9,2.7,5.5,0.49,0.5,1.5,0.341,2.2,4.1,0.544,0.535,1.9,2.3,0.8,1.6,3.8,5.5,2.2,0.5,0.8,1.6,2.4,7.8
112,LAL,PG,34,3,0,12.3,0.7,2.3,0.286,0,1,0,0.7,1.3,0.5,0.286,0,0,0,0,1.3,1.3,0.7,0.3,0,0.3,1.7,1.3
113,UTA,PG,34,72,72,28.6,4.8,11,0.435,2.3,5.8,0.408,2.4,5.2,0.464,0.542,1.8,2.3,0.796,0.7,2.4,3,5.3,1.3,0.3,1.7,2,13.7
114,MIL,SG,29,65,19,26,3.5,7.6,0.458,2.2,5.7,0.395,1.2,1.9,0.643,0.605,0.7,0.8,0.833,0.7,3.5,4.2,1.3,0.9,0.2,0.5,1.3,9.9
115,CHI,PF,24,20,2,10,1.2,1.9,0.605,0,0,0,1.2,1.9,0.605,0.605,1.1,1.6,0.656,0.8,1.9,2.7,0.2,0.2,0.2,0.4,1.4,3.4
116,ATL,PG,20,13,0,3,0.2,1.1,0.214,0.1,0.5,0.167,0.2,0.6,0.25,0.25,0,0,0,0,0.4,0.4,0.4,0,0,0.4,0.1,0.5
117,DEN,PF,26,13,0,2.9,0.4,1.2,0.333,0.1,0.6,0.125,0.3,0.5,0.571,0.367,0.2,0.3,0.75,0.5,0.5,1.1,0.2,0.1,0.1,0.3,0.5,1.1
118,MIL,C,31,17,5,16.9,3.2,6.9,0.466,0.8,2.8,0.271,2.5,4.1,0.6,0.521,1.8,2.2,0.816,1.4,4.4,5.8,1.1,0.9,0.5,0.9,2.7,9.1
118,DEN,C,31,31,2,13.9,3,6.6,0.456,0.8,2.4,0.324,2.3,4.3,0.53,0.515,2.1,2.8,0.736,1.6,3.9,5.5,1.7,0.6,0.4,2.2,3,8.9
119,POR,PF,31,48,40,29.8,2.7,7,0.381,1.6,4.8,0.343,1,2.2,0.462,0.499,0.6,0.8,0.833,0.9,4.9,5.7,1.4,1.5,1.3,1.2,2.8,7.6
119,LAC,SF,31,23,2,22.1,3.5,7,0.5,2.1,4.7,0.45,1.4,2.3,0.604,0.651,1.2,1.4,0.848,0.8,4.3,5.1,1,1.3,1.2,0.7,2.5,10.4
120,IND,SF,31,51,14,20.3,2.5,5.5,0.456,0.9,2.7,0.333,1.6,2.8,0.573,0.537,0.5,0.7,0.771,1.2,2.7,3.8,1.1,0.5,0.4,0.8,1.9,6.5
120,PHO,SF,31,27,2,20.8,2.7,5.9,0.45,1.1,3.6,0.323,1.5,2.4,0.641,0.547,0.4,0.6,0.706,1,3.3,4.3,1.2,0.8,0.6,1,2.1,6.9
121,PHO,PF,31,67,67,28.1,3.2,8.1,0.399,1.9,5.4,0.348,1.3,2.7,0.503,0.516,1.1,1.3,0.789,0.4,4.8,5.3,1.9,1.4,0.4,0.8,2.6,9.4
122,MEM,SG,22,37,0,9.1,1.4,3.6,0.378,0.3,1.3,0.255,1.1,2.4,0.443,0.422,0.4,0.9,0.471,0.4,0.9,1.3,0.9,0.5,0.1,0.5,1.1,3.5
123,POR,SG,24,3,0,4,0.3,0.7,0.5,0,0.3,0,0.3,0.3,1,0.5,0,0,0,0.3,0.7,1,0.3,0,0,0,0.7,0.7
124,DET,PG,20,64,64,32.6,6.7,16.1,0.416,1.8,5.7,0.314,4.9,10.4,0.472,0.471,2.2,2.6,0.845,0.9,4.6,5.5,5.6,1.2,0.7,3.7,3.1,17.4
125,PHI,SG,31,45,45,34.8,5.7,11.7,0.485,2.2,5.6,0.4,3.5,6.2,0.561,0.58,1.4,1.6,0.877,0.4,3,3.4,4,0.8,0.2,1.9,2.2,15
125,BRK,SG,31,19,19,29.9,5.5,11.1,0.493,3.1,6.5,0.468,2.4,4.6,0.529,0.63,0.9,1.1,0.857,0.2,2.4,2.6,2.6,0.9,0.2,1.3,2.5,14.9
126,GSW,PG,33,64,64,34.5,8.4,19.1,0.437,4.5,11.7,0.38,3.9,7.4,0.527,0.554,4.3,4.7,0.923,0.5,4.7,5.2,6.3,1.3,0.4,3.2,2,25.5
127,LAL,C,28,40,40,35.1,9.3,17.4,0.532,0.3,1.8,0.186,8.9,15.6,0.571,0.542,4.4,6.1,0.713,2.7,7.2,9.9,3.1,1.2,2.3,2.1,2.4,23.2
128,CLE,C,32,31,3,6.5,0.4,0.5,0.688,0,0,0,0.4,0.5,0.688,0.688,0.2,0.5,0.429,0.5,1.6,2.1,0.2,0.1,0.3,0.2,1.1,0.9
129,SAC,SG,24,30,11,17.9,3.8,8.9,0.423,1.6,5,0.329,2.1,3.9,0.542,0.515,1.2,1.5,0.818,0.4,2.8,3.1,1.3,0.8,0.4,1.1,2.3,10.4
130,OKC,PF,26,7,0,8,1.1,2,0.571,0.3,0.6,0.5,0.9,1.4,0.6,0.643,0,0,0,0.1,0.7,0.9,0.7,0.1,0,0.3,0.3,2.6
131,MIA,C,32,67,15,15.9,2.4,4.3,0.566,0.3,0.7,0.404,2.2,3.6,0.597,0.598,1.1,1.5,0.75,1.6,4.2,5.8,0.7,0.4,0.6,1,2.6,6.3
132,TOR,PF,27,1,0,1,0,0,0,0,0,0,0,0,0,0,0,0,0,0,0,0,0,0,0,0,0,0
133,MIL,C,23,1,0,3,0,0,0,0,0,0,0,0,0,0,0,0,0,0,1,1,0,1,0,0,1,0
134,CHI,PF,32,76,76,36.1,10.2,20.2,0.504,0.7,1.9,0.352,9.5,18.3,0.52,0.521,6.8,7.8,0.877,0.7,4.4,5.2,4.9,0.9,0.3,2.4,2.3,27.9
135,OKC,PF,25,13,3,14.5,1.9,3.6,0.532,0,0.4,0,1.9,3.2,0.595,0.532,0.5,0.8,0.545,1.3,3.2,4.5,0.2,0.4,0.7,0.5,2.5,4.3
136,DET,C,25,3,0,10.3,1,2.7,0.375,0,0,0,1,2.7,0.375,0.375,1.7,2,0.833,1.3,2.7,4,0,0.3,0,0.3,2,3.7
137,DET,SG,23,58,29,21.9,4.5,9.1,0.496,0.4,1.6,0.247,4.1,7.5,0.55,0.518,1.6,2.4,0.65,1.2,3.6,4.8,1.3,1.2,0.3,1,2.5,11
138,ATL,C,32,44,3,8.4,1.2,2.5,0.473,0.7,1.5,0.426,0.5,1,0.545,0.603,0.4,0.6,0.731,0.7,2,2.8,0.8,0.3,0.3,0.5,1.2,3.5
139,WAS,PG,28,44,44,30.2,4.2,11.2,0.376,1.6,5.1,0.31,2.6,6,0.432,0.447,2.6,3.3,0.811,0.8,3.9,4.7,5.8,0.6,0.2,1.7,2.4,12.6
139,DAL,PG,28,23,7,28.3,5.3,10.6,0.498,1.8,4.5,0.404,3.4,6,0.568,0.584,3.4,4.7,0.725,0.4,2.7,3.1,3.9,0.7,0.3,1.3,1.9,15.8
140,MIL,SG,25,17,0,20.1,2.3,6.9,0.331,1.2,4.4,0.284,1.1,2.6,0.409,0.419,1.4,1.6,0.852,1.1,2.5,3.5,1.7,0.6,0.2,1.6,1.5,7.2
140,SAC,SG,25,25,1,26.6,3.2,8.7,0.362,2.1,5.8,0.368,1,3,0.351,0.484,1.9,2.2,0.839,0.9,3.5,4.4,3.6,1.5,0.2,1.8,1.7,10.3
141,DAL,PG,22,65,65,35.4,9.9,21.6,0.457,3.1,8.8,0.353,6.8,12.8,0.528,0.529,5.6,7.5,0.744,0.9,8.3,9.1,8.7,1.2,0.6,4.5,2.2,28.4
142,OKC,SF,22,51,51,32.6,5.7,14.2,0.404,2.5,7.7,0.332,3.2,6.6,0.487,0.493,3.2,3.7,0.843,0.7,3.4,4.2,1.7,0.9,0.4,1.7,2.9,17.2
143,CHI,SG,22,77,40,27.4,3.6,6.9,0.52,0.9,2.4,0.376,2.7,4.5,0.596,0.585,0.7,1,0.679,0.4,2.4,2.8,3.3,0.8,0.4,1.4,2.4,8.8
144,NYK,SG,27,2,0,10.5,1,2,0.5,0,0.5,0,1,1.5,0.667,0.5,0,0,0,0,1,1,0.5,0,0,0,0,2
145,CHI,PG,22,11,0,7.7,1,2.1,0.478,0.2,0.8,0.222,0.8,1.3,0.643,0.522,0.5,0.8,0.556,0.1,0.7,0.8,1.4,0.1,0,0.5,1,2.6
146,LAL,PF,21,2,0,8,2.5,4,0.625,0.5,1,0.5,2,3,0.667,0.688,1.5,2,0.75,1,2,3,0,1.5,1,1,0.5,7
147,GSW,PG,24,4,0,7,0.8,1.5,0.5,0,0.3,0,0.8,1.3,0.6,0.5,0,0,0,0.3,1.5,1.8,0.8,0,0.3,0.3,0.5,1.5
147,MIL,PG,24,1,0,3,0,1,0,0,1,0,0,0,0,0,0,0,0,0,0,0,0,0,0,0,0,0
147,ORL,PG,24,4,0,19.3,1.3,4.8,0.263,0.3,1.8,0.143,1,3,0.333,0.289,0.5,0.5,1,1.8,1,2.8,1.8,1.3,0,1,0.8,3.3
148,DEN,SG,25,18,0,18.9,2,5.5,0.364,0.8,2.7,0.313,1.2,2.8,0.412,0.439,0.6,0.7,0.769,0.8,2.7,3.5,1.6,0.6,0.3,0.7,1.8,5.4
149,TOR,PG,35,5,2,18,2.6,6.8,0.382,0.8,2.8,0.286,1.8,4,0.45,0.441,2,2,1,0.4,2.4,2.8,1.8,1,0.2,0.2,1.6,8
149,BRK,PG,35,16,6,25.5,2.8,7.3,0.376,0.8,3.1,0.245,2,4.3,0.471,0.427,1.1,1.4,0.739,0.7,2.5,3.2,4.8,0.9,0.2,2.1,2.3,7.3
150,PHI,C,28,49,12,18.4,2.6,4.9,0.538,0,0,0,2.6,4.8,0.542,0.538,0.9,1.7,0.512,2.8,6.1,8.8,2,1.1,0.9,1.6,2.5,6.1
150,BRK,C,28,24,24,22.3,5,8.1,0.61,0,0,0,5,8.1,0.613,0.61,1.8,3.4,0.537,3.9,6.4,10.3,1.4,0.9,1,1.5,3,11.8
151,IND,SG,24,55,39,28,4.9,11.3,0.432,1.7,4.6,0.369,3.2,6.7,0.475,0.507,1.6,2,0.804,0.7,3.4,4.1,2.1,1,0.2,1.6,1.7,13.1
152,BRK,PG,22,22,7,15.5,1.8,4.9,0.361,0.4,1.7,0.243,1.4,3.2,0.423,0.403,0.8,1,0.81,1.4,1.7,3,0.8,0.6,0.3,0.4,1.6,4.7
153,POR,PG,27,15,3,22.4,2.9,6.8,0.431,0.1,0.7,0.091,2.9,6.1,0.473,0.436,1.1,1.2,0.944,0.6,2.7,3.3,5.3,1.5,0.2,2.1,2.5,7.1
154,BRK,PF,33,55,55,37.2,10.5,20.3,0.518,2.1,5.5,0.383,8.4,14.8,0.568,0.57,6.8,7.4,0.91,0.5,6.9,7.4,6.4,0.9,0.9,3.5,2.1,29.9
155,WAS,C,24,1,0,3,0,0,0,0,0,0,0,0,0,0,0,0,0,0,0,0,0,0,0,0,0,0
156,MIN,SG,20,72,72,34.3,7.6,17.3,0.441,3,8.4,0.357,4.6,8.9,0.519,0.527,3.1,3.9,0.786,0.9,3.9,4.8,3.8,1.5,0.6,2.6,2.3,21.3
157,DET,SG,23,4,0,19.8,2.3,7.5,0.3,1,4,0.25,1.3,3.5,0.357,0.367,0.3,0.3,1,0.5,1,1.5,3.5,0.5,0,1.3,1,5.8
158,BRK,SF,21,48,23,20.6,2.3,5.6,0.412,1,2.8,0.353,1.3,2.7,0.473,0.502,0.3,0.4,0.842,0.9,2.7,3.6,0.6,0.6,0.5,0.9,1.8,5.9
159,OKC,SG,25,2,0,5.5,0.5,2,0.25,0.5,2,0.25,0,0,0,0.375,0,0,0,0,1.5,1.5,0,0,0,0.5,0,1.5
160,POR,SF,21,58,28,20.2,2.1,5.3,0.393,0.6,2.2,0.294,1.4,3.1,0.462,0.453,1,1.4,0.714,1.1,2.8,3.9,1.5,0.6,0.3,1,2,5.8
161,LAL,SG,34,43,9,18.8,2.3,5.5,0.414,1.9,4.9,0.389,0.4,0.6,0.615,0.586,0.2,0.3,0.818,0.2,1.6,1.8,0.7,0.5,0.1,0.4,1,6.7
162,PHI,C,27,68,68,33.8,9.8,19.6,0.499,1.4,3.7,0.371,8.4,15.9,0.529,0.534,9.6,11.8,0.814,2.1,9.6,11.7,4.2,1.1,1.5,3.1,2.7,30.6
163,BRK,SF,31,2,0,7,1,3.5,0.286,0.5,1,0.5,0.5,2.5,0.2,0.357,0,0,0,1,1.5,2.5,0,0.5,0.5,0,0,2.5
163,LAC,SF,31,2,0,14,3.5,5.5,0.636,1,2,0.5,2.5,3.5,0.714,0.727,2,2,1,1,1.5,2.5,0,0.5,0.5,0.5,2,10
163,DEN,SF,31,3,0,4.7,0.7,2,0.333,0,0.7,0,0.7,1.3,0.5,0.333,0,0.3,0,0.3,0.3,0.7,1,0,0,0.3,0.3,1.3
164,SAS,C,24,49,9,12.1,1.7,3.2,0.528,0,0.2,0.125,1.7,3.1,0.55,0.531,1.2,1.6,0.747,1.3,2.7,4,1,0.3,0.6,0.9,1.2,4.7
164,POR,C,24,22,22,29.5,6.2,9.6,0.646,0.2,0.7,0.267,6,9,0.675,0.656,1.8,2.3,0.784,3,5.5,8.5,1.6,0.8,0.5,1.6,2.8,14.5
165,CLE,C,26,11,1,5.4,0.5,1.1,0.417,0,0,0,0.5,1.1,0.417,0.417,0.2,0.6,0.286,0.6,1.5,2.1,0.2,0,0.5,0.3,0.3,1.1
166,OKC,C,30,39,18,16.7,2.4,4.7,0.516,0.1,0.4,0.125,2.4,4.3,0.554,0.522,0.4,0.6,0.64,1.5,3.2,4.7,0.6,0.4,0.3,0.2,1.6,5.3
167,BOS,C,23,20,0,2.9,0.4,0.7,0.5,0.1,0.1,1,0.3,0.7,0.462,0.536,0.2,0.3,0.8,0.4,0.4,0.8,0.2,0,0.2,0.3,0.3,1
167,HOU,C,23,10,0,9.4,2.9,4.1,0.707,0,0.1,0,2.9,4,0.725,0.707,1.1,1.9,0.579,1.1,2.9,4,0.3,0.1,0.8,0.9,1.8,6.9
168,DAL,PF,28,80,80,33.1,4.1,8.7,0.471,2.2,5.4,0.395,1.9,3.2,0.599,0.595,0.7,1,0.675,1.5,3.2,4.7,1.9,1.1,0.5,1,2.3,11
169,UTA,PF,24,7,0,5,0.3,1.3,0.222,0.3,0.6,0.5,0,0.7,0,0.333,0,0,0,0,1.4,1.4,0,0,0,0.3,0.4,0.9
169,BOS,PF,24,8,0,3.5,0.8,1.3,0.6,0.4,0.8,0.5,0.4,0.5,0.75,0.75,0,0,0,0.3,0.6,0.9,0.6,0,0,0,0.1,1.9
170,TOR,PG,23,44,5,12.2,1.6,4.2,0.393,0.7,2,0.333,1,2.1,0.452,0.475,0.3,0.5,0.625,0.2,1.2,1.4,1.6,0.5,0.1,0.3,1,4.3
171,SAS,SG,28,40,1,16.9,3.2,7.4,0.432,1.6,3.8,0.417,1.6,3.6,0.448,0.539,1.1,1.2,0.898,0.1,1.5,1.6,1,0.4,0.1,0.8,1.1,9.1
171,DEN,SG,28,35,1,17.4,2.9,6.9,0.424,1.7,4.1,0.41,1.3,2.8,0.444,0.545,1,1.1,0.921,0.2,0.7,0.9,1,0.2,0.1,0.7,1.5,8.6
172,ORL,SF,24,5,0,14.8,1.2,4,0.3,0.4,3,0.133,0.8,1,0.8,0.35,0,0,0,0.4,2.6,3,0.4,0.2,0,0.8,1.4,2.8
173,UTA,PG,23,60,6,12.8,1.3,2.6,0.49,0.1,0.5,0.185,1.2,2.1,0.555,0.506,0.6,0.8,0.792,0.4,1.3,1.7,1.8,0.5,0.1,0.8,0.7,3.3
174,NYK,SG,29,80,80,29.5,5,12.1,0.417,3,7.7,0.389,2,4.3,0.465,0.541,1,1.4,0.708,0.4,2.2,2.6,2.1,1,0.3,1.3,2.3,14.1
175,SAC,PG,24,59,59,35.3,8.7,18.5,0.473,1.3,4.2,0.297,7.5,14.3,0.524,0.506,4.4,5.9,0.75,0.4,3.5,3.9,5.6,1.2,0.4,2.8,2.9,23.2
176,OKC,SG,25,3,0,40,4.3,16,0.271,0.3,7,0.048,4,9,0.444,0.281,1.7,2.3,0.714,1.7,2.7,4.3,0.3,0.3,0,1,2.7,10.7
177,ORL,PG,31,10,3,20,1.3,4.3,0.302,0.6,1.7,0.353,0.7,2.6,0.269,0.372,0.5,0.9,0.556,0.5,1.4,1.9,3.3,0.3,0.1,1.3,2.4,3.7
177,CLE,PG,31,2,0,4,0.5,1,0.5,0,0,0,0.5,1,0.5,0.5,0,0,0,0,0,0,0.5,0,0,1,1.5,1
178,BOS,C,29,35,1,11.7,1.5,2.8,0.526,0.1,0.1,0.4,1.4,2.6,0.533,0.536,0.7,0.8,0.857,1.7,2.8,4.6,0.2,0.1,0.4,0.6,1.2,3.7
179,ORL,PG,23,18,3,20,4.6,9.7,0.474,0.2,0.9,0.235,4.4,8.8,0.5,0.486,1.4,1.7,0.806,0.2,2.5,2.7,5.5,1.1,0.3,2.2,1.2,10.8
180,BRK,PF,24,1,0,1,0,0,0,0,0,0,0,0,0,0,0,0,0,0,1,1,0,0,0,0,0,0
180,LAC,PF,24,6,0,7.7,0.8,2.2,0.385,0.3,0.8,0.4,0.5,1.3,0.375,0.462,0.3,0.7,0.5,0.8,1.5,2.3,0.3,0.2,0.3,0.5,1.8,2.3
180,LAL,PF,24,19,5,16.4,2.6,5.1,0.505,0.3,1.2,0.261,2.3,3.9,0.581,0.536,1.2,2,0.605,1.8,2.5,4.3,0.6,0.2,0.5,0.7,3,6.7
181,WAS,C,23,72,53,20.1,4,5.7,0.693,0,0,0,4,5.7,0.695,0.693,1.5,2.1,0.699,2.2,3.5,5.7,0.9,0.4,1.4,0.9,2.4,9.4
182,ATL,PF,33,66,18,25.3,3.9,9,0.434,1.7,4.5,0.381,2.2,4.6,0.485,0.528,2.1,2.4,0.904,0.5,4.1,4.7,1.5,0.4,0.2,0.6,1.4,11.7
183,BRK,SG,30,4,0,14.5,1.3,3.3,0.385,0.5,2,0.25,0.8,1.3,0.6,0.462,0,0,0,0.3,1.8,2,1.3,0,0,1.3,1.3,3
183,MIL,SG,30,3,0,16.3,0.3,4.3,0.077,0,2.7,0,0.3,1.7,0.2,0.077,0,0,0,0.7,2.7,3.3,2.3,0.3,0,0.3,0.7,0.7
184,CLE,PG,22,68,68,35.7,8,17.3,0.462,2.6,6.7,0.383,5.4,10.6,0.512,0.536,3.2,3.5,0.892,0.6,2.7,3.3,8.6,1.3,0.1,3.6,1.7,21.7
185,MIA,SG,23,12,0,10.7,0.4,1.8,0.238,0.1,0.3,0.25,0.3,1.4,0.235,0.262,0.2,0.4,0.4,0.8,1.2,1.9,0.6,0.4,0.3,0.2,1.3,1.1
186,HOU,PF,19,24,2,10,0.8,1.8,0.432,0.2,0.8,0.25,0.6,1,0.583,0.489,0.2,0.3,0.714,0.9,2.6,3.5,0.7,0.4,0.5,0.3,1.2,2
187,DET,C,23,32,5,12.2,2.1,4.6,0.449,0.5,1.5,0.327,1.6,3.1,0.51,0.503,1.2,1.9,0.623,1.8,1.3,3.1,0.6,0.3,0.2,0.6,1.7,5.8
188,UTA,PF,35,55,1,18.9,2.9,6.9,0.414,1.3,3.7,0.345,1.6,3.2,0.494,0.507,1.1,1.4,0.785,1,3.4,4.4,1,0.5,0.3,0.9,1.7,8.1
189,LAC,SF,31,31,31,34.7,8.6,20.5,0.421,2.9,8.3,0.354,5.7,12.2,0.467,0.493,4.1,4.8,0.858,0.4,6.5,6.9,5.7,2.2,0.4,4.1,2.4,24.3
190,NYK,C,36,52,4,18.2,1.7,3.2,0.518,0.3,0.7,0.395,1.4,2.5,0.555,0.563,0.8,1,0.808,1.7,2.7,4.4,0.6,0.4,0.8,0.5,2.6,4.4
191,OKC,SG,19,54,54,31.5,5.2,12.4,0.419,1,3.9,0.263,4.2,8.5,0.492,0.461,1,1.5,0.709,1.8,6,7.8,6.4,0.9,0.4,3.2,1.6,12.5
192,OKC,PG,23,56,56,34.7,8.5,18.8,0.453,1.6,5.3,0.3,6.9,13.5,0.514,0.496,5.9,7.2,0.81,0.7,4.3,5,5.9,1.3,0.8,2.8,2.5,24.5
193,WAS,PF,29,44,0,10.5,1.4,2.5,0.569,0.3,0.6,0.538,1.1,1.9,0.578,0.633,1,1.2,0.808,0.8,1.2,1.9,0.6,0.1,0.3,0.4,1.3,4.1
194,ORL,PF,24,9,2,13.2,1,2.4,0.409,0,0.1,0,1,2.3,0.429,0.409,0.3,0.8,0.429,1.4,2.6,4,0.6,0.3,1,0.6,2,2.3
195,UTA,C,29,66,66,32.1,5.5,7.7,0.713,0,0.1,0,5.5,7.6,0.718,0.713,4.6,6.7,0.69,3.7,11,14.7,1.1,0.7,2.1,1.8,2.7,15.6
196,CLE,PG,26,36,5,13.9,1.8,4.3,0.416,0.5,1.5,0.345,1.3,2.8,0.455,0.477,0.7,1.1,0.632,0.4,1.5,1.9,2.5,0.7,0,1,1.1,4.8
197,WAS,SG,23,2,0,3,0,1.5,0,0,0.5,0,0,1,0,0,0,0,0,0,0.5,0.5,0,0,0,0,0.5,0
198,DEN,PF,26,75,75,31.7,5.8,11.1,0.52,1.2,3.5,0.335,4.6,7.7,0.605,0.573,2.3,3.1,0.743,1.7,4.2,5.9,2.5,0.6,0.6,1.8,2,15
199,HOU,SG,33,57,46,29.3,4.7,9.9,0.475,2.2,5.3,0.412,2.5,4.6,0.548,0.585,1.8,2.4,0.778,0.3,1.7,2,2.7,0.5,0.3,1.9,1.1,13.4
200,NOP,PG,26,76,63,28.4,3.9,10.7,0.363,2.5,7.4,0.341,1.4,3.3,0.413,0.481,1.6,1.8,0.843,0.5,1.8,2.3,4.2,0.9,0.2,1.4,1.3,11.9
201,DET,PF,27,47,47,31.9,6.3,14.9,0.426,1.9,5.4,0.358,4.4,9.5,0.465,0.491,4.6,5.5,0.838,0.6,3.5,4.1,2.4,0.9,1,1.8,2.3,19.2
202,ORL,PG,25,8,3,21.4,2.3,4.8,0.474,1.4,3.3,0.423,0.9,1.5,0.583,0.618,0.4,0.5,0.75,0.1,2.5,2.6,2.5,0.6,0.1,1.1,1.6,6.3
203,PHI,SF,34,62,28,21.8,2,5.2,0.394,1.7,4.4,0.38,0.4,0.8,0.469,0.555,0.2,0.2,0.786,0.5,2,2.5,1,1,0.6,0.7,1.7,5.9
204,GSW,PF,31,46,44,28.9,2.9,5.6,0.525,0.3,1.2,0.296,2.6,4.4,0.586,0.556,1.3,2,0.659,1,6.3,7.3,7,1.3,1.1,3,3,7.5
205,HOU,SG,19,67,67,31.9,6.1,14.2,0.426,2.3,6.8,0.343,3.7,7.4,0.502,0.508,2.8,3.5,0.797,0.5,2.9,3.4,2.6,0.7,0.3,2,1.5,17.3
206,DEN,PF,31,67,8,16.2,2.4,4.9,0.486,0.5,1.9,0.266,1.9,3,0.621,0.537,1.2,1.4,0.871,1.2,3,4.2,0.9,0.6,0.4,0.9,2.4,6.4
207,CHI,SF,28,65,45,23.4,2.7,5,0.542,0.6,1.6,0.356,2.2,3.4,0.625,0.597,1.2,1.5,0.833,1.4,2.8,4.2,0.9,1,0.5,0.5,2,7.2
208,DEN,C,35,75,63,24.7,3.7,7.1,0.524,0.7,2.2,0.315,3,4.8,0.62,0.574,2.2,2.6,0.833,0.5,2.5,3.1,1.3,0.4,0.4,0.9,2,10.3
209,DAL,SG,21,67,3,15.5,1.9,3.8,0.508,0.4,1.2,0.359,1.5,2.7,0.573,0.563,0.5,0.7,0.689,0.8,1.6,2.4,1.2,0.7,0.2,0.7,1.7,4.8
210,BRK,PF,32,56,24,17.1,2.4,5.6,0.425,0.7,2.6,0.262,1.7,3,0.565,0.486,1,1.4,0.724,1.1,3,4.1,1.9,0.5,0.3,0.6,1.7,6.4
211,NYK,SG,21,46,6,17.1,2.1,5.1,0.404,1.6,4.1,0.381,0.5,1,0.5,0.557,0.3,0.4,0.684,0.5,1.5,2,1,0.7,0.2,0.6,1.6,6
212,MIA,SG,24,19,0,9.8,1.4,3.4,0.4,0.7,2.1,0.35,0.6,1.3,0.48,0.508,0.4,0.6,0.667,0.2,0.7,0.9,0.9,0.4,0.1,0.7,0.6,3.9
213,WAS,PF,23,42,13,22.5,4.5,9.1,0.491,1.3,2.9,0.447,3.1,6.1,0.512,0.563,1.1,1.6,0.697,0.6,3.2,3.8,1.1,0.5,0.2,0.8,1.3,11.3
214,SAC,SG,21,51,51,34.5,5.3,11.5,0.457,2,4.9,0.413,3.2,6.5,0.491,0.546,1.7,2,0.837,0.8,3.1,3.9,7.4,1.7,0.7,2.3,1.4,14.3
214,IND,PG,21,26,26,36.1,6.2,12.4,0.502,2.2,5.3,0.416,4,7.2,0.565,0.59,2.8,3.3,0.849,0.8,3.5,4.3,9.6,1.8,0.6,3.2,1.9,17.5
215,NYK,SG,24,1,0,2,0,0,0,0,0,0,0,0,0,0,0,0,0,0,0,0,0,0,0,0,0,0
216,ORL,SG,20,64,14,21.9,2.7,7.1,0.383,1,2.9,0.35,1.7,4.3,0.405,0.453,1.2,1.8,0.641,0.4,2.7,3,2.5,0.7,0.2,1.4,1.6,7.6
217,DAL,SG,29,42,20,29.6,5,12.6,0.394,2.4,7.2,0.336,2.5,5.4,0.473,0.491,1.9,2.5,0.757,0.3,3.4,3.7,2.2,0.9,0.1,0.8,1.8,14.2
218,BRK,PG,32,44,44,37,6.6,16,0.414,2.3,7,0.332,4.3,9.1,0.476,0.486,6.9,8,0.869,1,7,8,10.2,1.3,0.7,4.8,2.4,22.5
218,PHI,SG,32,21,21,37.7,5.5,13.6,0.402,2.2,6.7,0.326,3.3,6.9,0.476,0.483,7.9,8.9,0.892,0.6,6.5,7.1,10.5,1.2,0.2,3.4,2.3,21
219,SAC,SF,28,47,24,18.4,1.8,3.9,0.459,0.7,2.1,0.307,1.1,1.7,0.65,0.544,0.4,0.6,0.714,0.3,2.1,2.4,0.5,0.6,0.5,0.7,1.6,4.6
220,NOP,PG,24,5,0,8.6,2.8,5.2,0.538,1,2.4,0.417,1.8,2.8,0.643,0.635,0.8,0.8,1,0.4,0,0.4,2.8,0.8,0.2,0.4,1,7.4
221,WAS,C,28,46,3,24.3,5.4,8.3,0.645,0.1,0.3,0.267,5.3,8,0.66,0.65,3.2,4.5,0.727,2.1,4.6,6.7,2.1,0.4,0.7,1.1,1.9,14.1
221,CHO,C,28,25,0,21,4.4,6.9,0.645,0,0.1,0,4.4,6.8,0.653,0.645,2.5,3.6,0.692,2.1,2.8,4.9,2,0.4,0.5,0.9,2,11.4
222,ORL,SG,27,61,30,28.4,3.9,9.1,0.434,1.9,5,0.384,2,4.1,0.494,0.539,1.4,1.6,0.874,0.6,1.4,2,1.8,1,0.1,1,1.8,11.1
223,BRK,SF,30,14,14,30.2,4,8.9,0.452,2.9,6.3,0.466,1.1,2.6,0.417,0.617,0.4,0.4,0.833,0.4,3.6,4,1,0.5,0.1,1.1,2.2,11.3
224,PHI,PF,29,73,73,34.8,6.8,14,0.482,1.4,3.8,0.367,5.4,10.2,0.525,0.532,2.3,2.8,0.842,1.1,5.7,6.8,3.5,0.6,0.6,1.6,2.2,17.2
225,BRK,SG,28,2,0,11.5,1,3,0.333,0,1,0,1,2,0.5,0.333,0,0,0,0.5,1.5,2,1.5,0.5,0.5,1,1.5,2
226,NOP,SG,26,41,40,33.5,4.8,9.4,0.505,1,3.2,0.323,3.7,6.2,0.598,0.56,2.8,3.8,0.753,1.3,6.5,7.8,4.1,1.1,0.3,2,2.9,13.4
226,POR,SF,26,13,13,32.1,7.1,14.1,0.503,2.4,6.4,0.373,4.7,7.7,0.61,0.587,3.4,4.4,0.772,0.7,4.7,5.4,4.3,1.2,0.2,2.5,2.5,19.9
227,LAC,C,23,68,0,17.9,3.4,5.4,0.626,0.2,0.4,0.467,3.2,4.9,0.64,0.645,1.3,1.9,0.689,1.7,3.2,4.9,2.4,0.7,1.1,1.2,2.5,8.3
228,MIA,C,41,13,0,6.4,1.1,2.4,0.452,0.1,0.3,0.25,1,2.1,0.481,0.468,0.2,0.2,1,0.3,1.6,1.9,0.3,0.1,0.1,0.4,1.2,2.5
229,BOS,SF,24,26,0,6.1,0.9,1.9,0.46,0.7,1.7,0.432,0.2,0.2,0.667,0.65,0,0,0,0.2,0.9,1.1,0.4,0,0.1,0.1,0.3,2.5
230,NOP,C,21,70,28,20,3.5,5.7,0.616,0.3,0.8,0.351,3.2,4.9,0.66,0.641,2.1,2.7,0.766,1.6,2.9,4.5,0.6,0.5,0.8,0.8,2.2,9.3
231,DET,PG,20,66,40,25,2.7,7,0.383,0.7,2.5,0.263,2,4.4,0.452,0.431,0.9,1.1,0.77,0.5,2.6,3.2,4.2,1.2,0.5,1.7,2.8,6.9
232,CHO,SF,31,49,48,31.9,5.8,12.6,0.459,1.8,4.5,0.391,4,8.1,0.496,0.528,2.6,3,0.846,0.8,3.8,4.6,3.6,1,0.4,1.7,1.7,15.9
233,PHI,SF,22,6,0,2.8,0.2,0.8,0.2,0,0.2,0,0.2,0.7,0.25,0.2,0,0,0,0,0.2,0.2,0,0,0.3,0.3,0.3,0.3
234,BOS,PF,26,18,0,5.3,0.3,1.5,0.185,0.2,1,0.167,0.1,0.5,0.222,0.241,0.3,0.5,0.667,0.5,0.9,1.4,0.2,0.2,0.1,0.3,0.4,1.1
234,SAS,PF,26,5,0,10.2,0.4,1.2,0.333,0,0.6,0,0.4,0.6,0.667,0.333,0.6,0.8,0.75,0.8,2.2,3,0.6,0.2,0.2,0.4,0,1.4
234,UTA,PF,26,17,9,17.5,2.2,4.3,0.507,1.2,2.8,0.438,0.9,1.5,0.64,0.651,0.6,1.2,0.476,0.9,2.6,3.5,0.8,0.5,0.4,0.5,1.1,6.2
235,NOP,C,27,50,8,16.8,3.4,6.5,0.52,0.1,0.2,0.333,3.3,6.3,0.527,0.526,2.2,2.8,0.773,2.9,3.9,6.8,1.3,0.4,0.4,1,1.9,9.1
236,MIA,SG,22,66,10,32.6,7.6,17,0.447,2.7,6.7,0.399,4.9,10.3,0.477,0.525,2.9,3.3,0.868,0.5,4.5,5,4,0.7,0.1,2.6,1.4,20.7
237,SAC,SG,29,55,6,28.6,4.8,12.6,0.382,3.3,9,0.368,1.5,3.6,0.419,0.514,1.5,1.7,0.87,0.8,3.2,4,1.9,0.9,0.3,1.6,2.1,14.4
237,IND,SG,29,26,26,35.6,7,15.6,0.447,3.1,8.5,0.362,3.9,7.1,0.549,0.546,1.2,1.3,0.886,0.9,4.2,5.1,4.8,1,0.4,2.4,2.7,18.2
238,MIA,SF,25,19,1,8.6,0.8,2.4,0.348,0.5,1.5,0.321,0.4,0.9,0.389,0.446,0.1,0.3,0.4,0.5,0.8,1.4,0.3,0.1,0.2,0.2,0.7,2.3
239,MIL,SG,35,54,17,23.2,2.2,5.1,0.429,0.8,2.5,0.306,1.4,2.6,0.546,0.504,1.1,1.1,0.919,0.7,2.2,2.9,2.2,0.8,0.1,0.8,1.3,6.2
240,ATL,SG,26,3,0,15.3,1.7,2.7,0.625,1,1.7,0.6,0.7,1,0.667,0.813,1.3,1.3,1,0.7,1.3,2,0.3,1.3,0.3,0,2.3,5.7
240,CHI,SF,26,16,0,10.4,1.2,2.8,0.432,0.6,1.9,0.323,0.6,0.8,0.692,0.545,0.4,0.6,0.7,0.6,1.3,1.8,0.4,0.2,0.1,0.2,1.1,3.4
241,ATL,PF,30,13,1,10.7,0.2,1.5,0.15,0.2,1,0.154,0.1,0.5,0.143,0.2,0,0,0,0.5,1.3,1.8,0.9,0.3,0.2,0.1,1.2,0.6
242,IND,SG,22,2,0,1,0,0.5,0,0,0,0,0,0.5,0,0,0,0,0,0,0,0,0,0,0,0.5,0,0
243,OKC,SF,22,7,5,34.3,6.3,12.9,0.489,1.3,3.6,0.36,5,9.3,0.538,0.539,0.9,2,0.429,4.3,7.7,12,2.4,0.9,0.7,1.1,2,14.7
244,WAS,PG,25,41,14,16.2,2.4,5.2,0.467,0.6,1.6,0.343,1.9,3.6,0.524,0.521,0.7,0.9,0.8,0.2,1.4,1.6,1.9,0.6,0.2,1,1.5,6.1
244,PHO,PG,25,22,1,16.3,2.3,5.6,0.411,0.7,1.6,0.444,1.6,4,0.398,0.476,1.4,1.5,0.939,0.7,1.8,2.5,3.4,0.8,0,1.3,1.5,6.8
245,MIL,PG,31,67,64,32.9,7.1,14.2,0.501,2,4.8,0.411,5.2,9.4,0.547,0.57,2,2.7,0.761,1,3.5,4.5,6.8,1.6,0.4,2.7,2,18.3
246,IND,SF,32,49,40,28.9,3.9,9.3,0.415,2.6,6.9,0.378,1.3,2.5,0.516,0.553,0.7,0.8,0.829,0.4,2.4,2.8,1.8,0.7,0.4,1,2.1,11
246,SAC,SG,32,25,25,25.6,2.8,8.2,0.348,2,5.8,0.342,0.8,2.3,0.362,0.471,0.6,0.8,0.762,0.4,1.8,2.2,1.5,0.8,0.6,0.8,2,8.3
247,SAC,C,28,45,37,23.9,4.4,6.7,0.66,0,0.1,0.4,4.4,6.6,0.664,0.663,1.6,2,0.778,2.1,5,7,1.1,0.4,0.9,1.2,2.8,10.4
248,MIL,SF,29,39,0,14.9,1.2,3.4,0.351,0.6,2.1,0.3,0.6,1.3,0.431,0.443,0.3,0.4,0.929,0.3,1.4,1.7,0.8,0.3,0.1,0.2,0.7,3.3
248,LAC,SG,29,13,0,9.8,0.9,2,0.462,0.5,0.8,0.545,0.5,1.2,0.4,0.577,0.3,0.4,0.8,0.2,0.6,0.8,0.6,0.2,0.2,0.3,0.3,2.6
249,OKC,SG,32,1,0,18,2,4,0.5,0,1,0,2,3,0.667,0.5,0,0,0,0,1,1,1,0,0,2,1,4
250,BOS,C,35,69,69,29.1,3.9,8.2,0.467,1.3,3.8,0.336,2.6,4.4,0.582,0.546,1.2,1.4,0.842,1.6,6.1,7.7,3.4,0.7,1.3,0.9,1.9,10.2
251,LAL,SG,21,60,19,25.2,3.7,9,0.416,0.8,3,0.269,2.9,5.9,0.492,0.462,1.7,2.1,0.8,0.6,2.6,3.2,2.7,1,0.5,1.4,2.5,10
252,HOU,SF,28,16,1,14.6,1.6,4.6,0.338,0.6,2.1,0.294,0.9,2.5,0.375,0.405,1.1,1.2,0.895,0.3,2.4,2.7,1.2,0.3,0.3,1.1,1,4.8
252,NYK,SF,28,1,0,3,0,1,0,0,1,0,0,0,0,0,0,0,0,0,0,0,0,0,0,0,0,0
252,UTA,SF,28,25,6,19.6,2.2,4.9,0.447,1.4,3.3,0.415,0.8,1.6,0.512,0.585,1.1,1.6,0.692,0.6,2.2,2.7,1,0.6,0.5,0.6,1.4,6.8
253,LAL,C,36,60,27,16.2,2.2,3.7,0.612,0.1,0.3,0.533,2.1,3.4,0.618,0.63,1.6,2.4,0.658,2,4,5.9,0.6,0.6,0.6,0.8,1.9,6.2
254,DEN,SG,22,31,0,5.7,1.3,3.3,0.386,0.9,2.3,0.4,0.4,1,0.355,0.525,0.6,0.7,0.87,0.1,0.3,0.4,0.2,0.3,0,0.2,0.5,4.1
255,ATL,SG,23,74,60,29.6,4.7,10.3,0.454,2.2,5.6,0.389,2.5,4.7,0.53,0.559,0.6,0.7,0.808,0.4,3,3.4,2.7,0.7,0.4,1.2,2.5,12.1
256,LAL,C,23,4,0,5,0,0.8,0,0,0.5,0,0,0.3,0,0,0,0,0,0.3,0.8,1,0.3,0.3,0.3,0.3,0.3,0
257,UTA,SF,23,14,1,8,1.1,2.6,0.417,0.7,2,0.357,0.4,0.6,0.625,0.556,0.2,0.2,1,0.1,1.1,1.2,0.4,0.3,0.1,0.5,0.5,3.1
257,POR,SG,23,22,3,14.6,1.5,4.9,0.296,0.7,3,0.224,0.8,1.9,0.415,0.366,0.2,0.3,0.667,0.2,1.7,1.9,0.7,0.5,0.3,0.5,1.5,3.8
258,NYK,SF,22,2,0,4,0,1,0,0,0,0,0,1,0,0,0,0,0,0.5,0,0.5,0.5,0.5,0,0.5,0.5,0
259,ATL,SF,24,53,52,29.8,4.8,10.8,0.442,1.4,3.7,0.379,3.4,7.2,0.474,0.506,2.4,3.1,0.765,0.5,2.8,3.3,1.3,0.7,0.4,1.3,2.9,13.4
260,PHO,SF,25,6,0,3.7,0.2,0.3,0.5,0,0,0,0.2,0.3,0.5,0.5,0.3,0.3,1,0,0.8,0.8,0.3,0,0,0.7,0.2,0.7
261,DEN,PG,21,69,4,19,3.3,8.3,0.403,1.9,5.2,0.366,1.4,3.1,0.465,0.518,1.6,1.8,0.856,0.2,2.5,2.7,2.8,0.6,0.3,1.2,2.2,10.1
262,LAC,C,32,35,10,15.4,2.7,5.5,0.49,0.7,1.8,0.387,2,3.7,0.538,0.552,0.6,0.8,0.69,1.1,3.1,4.3,1,0.2,0.7,0.9,1.6,6.6
262,MIL,PF,32,19,2,17.8,2.8,5.5,0.519,0.7,1.9,0.351,2.2,3.5,0.612,0.582,0.6,0.8,0.8,1.2,4.1,5.3,0.7,0.2,0.4,0.5,2.4,7
263,GSW,SF,38,31,0,19.5,1.5,3.9,0.38,0.5,2.4,0.23,0.9,1.5,0.617,0.45,0.5,0.6,0.75,0.7,2.5,3.2,3.7,0.9,0.7,0.9,1.1,4
264,UTA,SF,34,45,15,24.9,2.6,6.3,0.404,1.7,5,0.347,0.8,1.3,0.617,0.54,0.4,0.5,0.773,0.3,2.6,2.9,3.5,0.5,0.1,1,1.8,7.2
265,NOP,SF,24,55,55,34,8.2,17.9,0.461,1.3,4.1,0.327,6.9,13.8,0.501,0.498,4.8,5.9,0.826,0.6,5.2,5.8,5.6,0.6,0.5,2.7,2.2,22.7
266,BRK,PG,29,29,29,37.6,10,21.2,0.469,3.4,8.2,0.418,6.5,13,0.501,0.55,4.1,4.4,0.915,0.6,3.8,4.4,5.8,1.4,0.6,2.5,2.8,27.4
267,ATL,SF,27,3,1,27.3,2.7,6,0.444,1,1.7,0.6,1.7,4.3,0.385,0.528,1,1.3,0.75,1,3.3,4.3,0,0.3,0,0.3,2.7,7.3
268,DET,PG,23,53,7,22,3.7,9.1,0.402,1.6,5.3,0.308,2,3.8,0.529,0.491,1.6,2,0.827,0.4,1.3,1.6,1,0.5,0.2,0.7,1.7,10.6
269,IND,PF,20,36,15,15,3.2,5.7,0.563,0.1,0.4,0.313,3.1,5.3,0.584,0.575,1.7,2.4,0.682,1.7,2.5,4.1,0.3,0.7,1.4,1.1,2.6,8.3
270,MEM,PF,22,78,78,27.3,5.5,13.3,0.415,1.6,5.1,0.319,3.9,8.1,0.476,0.477,3.6,4.4,0.823,1.5,4.3,5.8,1.1,0.9,2.3,1.7,3.5,16.3
271,DET,SF,24,39,3,18.1,2.6,6.4,0.41,0.8,2.9,0.265,1.9,3.5,0.529,0.47,1,1.4,0.714,0.4,2.7,3.2,1.3,0.5,0.5,1,1.8,7.1
271,SAC,SF,24,12,0,10.3,1.4,4.1,0.347,0.3,1.4,0.176,1.2,2.7,0.438,0.378,1.3,1.8,0.714,0.3,1.2,1.5,0.4,0.4,0.3,0.8,1.4,4.3
272,BOS,SF,26,1,0,2,0,1,0,0,0,0,0,1,0,0,2,2,1,0,0,0,0,0,0,0,0,2
272,PHO,SF,26,6,0,5.8,0.8,2.3,0.357,0.5,1.5,0.333,0.3,0.8,0.4,0.464,0,0,0,0.2,1,1.2,0.3,0,0,0.2,0.5,2.2
273,LAC,SG,31,75,75,31.2,6.4,16.3,0.392,2.2,6.8,0.326,4.2,9.5,0.439,0.46,1.8,2.2,0.847,0.5,3.1,3.6,4.8,0.7,0.2,2.3,2.1,16.8
274,LAL,SF,37,56,56,37.2,11.4,21.8,0.524,2.9,8,0.359,8.6,13.8,0.62,0.59,4.5,6,0.756,1.1,7.1,8.2,6.2,1.3,1.1,3.5,2.2,30.3
275,IND,SG,24,1,0,1,0,0,0,0,0,0,0,0,0,0,0,0,0,0,0,0,0,0,0,0,0,0
276,MEM,SG,24,3,0,3,0.3,0.7,0.5,0,0.3,0,0.3,0.3,1,0.5,0,0,0,0,0.7,0.7,0.3,0,0,0,0.3,0.7
277,OKC,SG,24,48,4,16.7,2.6,6.8,0.378,1.1,3.9,0.29,1.5,3,0.493,0.46,0.8,1,0.809,0.4,1.2,1.6,2.3,0.6,0.1,0.8,1.5,7.1
278,PHI,SG,22,55,1,11.1,1.1,3.2,0.35,0.8,2.5,0.333,0.3,0.8,0.405,0.477,0.5,0.6,0.935,0.1,0.9,1,0.6,0.3,0.1,0.3,0.9,3.6
279,CHI,PF,25,16,0,7.6,0.8,1.4,0.522,0,0.1,0,0.8,1.3,0.571,0.522,0.3,0.4,0.571,1,1.3,2.3,0.5,0.2,0,0.5,0.9,1.8
279,WAS,PF,25,3,0,6,0.7,2,0.333,0,0.7,0,0.7,1.3,0.5,0.333,0,0.3,0,1.7,2.3,4,0,0,0,1,0,1.3
279,NOP,PF,25,4,0,7,0.8,2.5,0.3,0,0,0,0.8,2.5,0.3,0.3,0.8,1,0.75,1.8,1.5,3.3,0.3,0.5,0,0.3,0.8,2.3
280,ORL,SF,26,4,0,16.3,2.8,6.3,0.44,1,2.5,0.4,1.8,3.8,0.467,0.52,0,0,0,1.5,2.3,3.8,0,0,0.3,0,1,6.5
281,PHO,PF,25,66,16,26.2,4.2,9.2,0.46,2.5,5.9,0.425,1.7,3.3,0.523,0.596,1.5,1.7,0.86,0.6,3.5,4.1,1.5,0.9,0.2,0.7,1.7,12.5
282,TOR,SG,20,2,0,1,0,0.5,0,0,0.5,0,0,0,0,0,0,0,0,0,0,0,0,0,0,0,0,0
283,ATL,PF,20,22,0,5.5,1,1.9,0.537,0.1,0.6,0.231,0.9,1.3,0.679,0.573,0.2,0.3,0.714,0.1,1.1,1.2,0.1,0.1,0.1,0.4,0.4,2.4
284,BRK,PF,34,62,10,19.2,2.3,5,0.469,0.4,1.4,0.271,2,3.6,0.545,0.507,0.5,0.9,0.527,0.8,2.6,3.5,2.1,0.5,0.5,0.8,2.6,5.5
285,BOS,SG,40,1,0,2,1,1,1,0,0,0,1,1,1,1,0,0,0,0,0,0,0,0,0,0,0,2
286,SAS,SF,22,75,74,31.9,6.3,13.5,0.466,2.1,5.3,0.398,4.2,8.2,0.51,0.545,2.4,3.1,0.756,1.1,5,6.1,2.1,0.8,0.2,1.2,2,17
287,LAC,SG,19,15,0,9,1.1,3.4,0.333,0.2,0.7,0.273,0.9,2.7,0.35,0.363,1.1,1.4,0.762,0.4,1,1.4,0.9,0.5,0.1,0.5,1.4,3.5
287,POR,SG,19,22,12,25.5,3.6,10,0.357,1.4,4,0.348,2.2,6,0.364,0.428,1.1,1.4,0.833,0.8,1.9,2.7,2.9,1,0.5,1.8,2.2,9.7
288,LAL,PF,25,48,27,22.8,2.4,5.2,0.466,0.7,2.2,0.314,1.8,3,0.575,0.532,1.1,1.5,0.716,0.7,2.5,3.2,1.7,0.9,0.3,0.7,2.3,6.7
289,PHI,PG,29,3,0,12.7,1.3,3.3,0.4,1,2.3,0.429,0.3,1,0.333,0.55,0,0,0,0.3,1.7,2,0.7,0.3,0.3,0.3,1.3,3.7
289,SAS,PG,29,3,0,17.7,0.7,3.3,0.2,0.7,2,0.333,0,1.3,0,0.3,0,0,0,0.7,1.3,2,1.7,0.7,0.7,0.3,1,2
290,DEN,C,26,74,74,33.5,10.3,17.7,0.583,1.3,3.9,0.337,9,13.8,0.652,0.62,5.1,6.3,0.81,2.8,11,13.8,7.9,1.5,0.9,3.8,2.6,27.1
291,DAL,PG,24,3,0,6.3,0,2.3,0,0,0.3,0,0,2,0,0,0.7,0.7,1,0.3,0.7,1,1.7,0.3,0,1,0,0.7
291,DEN,PG,24,2,0,2,0.5,1,0.5,0,0,0,0.5,1,0.5,0.5,0,0,0,0,0,0,0,0,0,0,0,1
292,SAC,C,26,56,15,18.2,3.1,4.8,0.658,0.2,0.5,0.345,2.9,4.2,0.696,0.677,1.7,2.3,0.718,1.3,3.1,4.4,1.2,0.5,0.8,1.1,2.3,8.1
293,CHI,PF,24,51,8,17.6,2.1,3.8,0.538,0.4,1.2,0.328,1.7,2.6,0.634,0.59,1.1,1.4,0.8,1.2,2.1,3.3,0.6,0.5,0.6,0.6,2.1,5.6
294,NOP,PF,23,78,69,29.9,3.5,7.4,0.476,0.7,2.2,0.337,2.8,5.2,0.533,0.525,1.8,2.1,0.84,1.3,2.5,3.8,2.1,1.7,0.8,1.3,3.1,9.5
295,LAL,SF,26,2,0,7.5,1,1.5,0.667,0,0,0,1,1.5,0.667,0.667,0,0,0,1,0.5,1.5,0,0.5,0,0,1,2
296,CHO,C,21,21,0,3,0.4,0.7,0.643,0,0.1,0.5,0.4,0.6,0.667,0.679,0.1,0.4,0.375,0.1,0.4,0.5,0.2,0,0.1,0.3,0.4,1
297,LAL,SG,23,4,0,12.8,1.8,3.8,0.467,0.3,1,0.25,1.5,2.8,0.545,0.5,3,3.8,0.8,0.3,2.3,2.5,1,0.5,0,0.3,2,6.8
298,SAS,PG,22,69,11,16.6,2.4,4.9,0.49,0.1,0.7,0.196,2.3,4.2,0.542,0.504,1,1.3,0.78,0.4,1.8,2.2,3.4,0.6,0.1,0.7,1.1,6
299,MEM,PG,25,73,23,21.2,3.4,7.6,0.451,1.1,2.8,0.39,2.3,4.8,0.487,0.524,0.7,0.9,0.818,0.2,2.2,2.4,4.4,0.9,0,0.6,0.4,8.7
300,LAL,C,33,32,19,12.8,1.9,2.8,0.674,0,0,0,1.9,2.8,0.674,0.674,0.4,0.8,0.462,1.6,3.8,5.4,0.4,0.3,0.8,0.7,1.6,4.1
300,PHI,C,33,16,1,13.4,2,3.4,0.593,0,0,0,2,3.4,0.593,0.593,0.6,0.9,0.714,2,3.8,5.8,0.5,0.1,0.6,1,1.3,4.6
301,DET,PG,30,65,39,24.6,2.7,6.2,0.445,1,2.4,0.414,1.7,3.7,0.465,0.526,1.5,1.7,0.885,0.4,2.2,2.7,3.6,0.6,0.3,1.3,2.3,8
302,MIL,SF,23,9,0,5.3,0.6,1.2,0.455,0.2,0.4,0.5,0.3,0.8,0.429,0.545,0.4,1,0.444,0.4,0.4,0.9,0,0.1,0.1,0.4,0.9,1.8
302,OKC,SF,23,4,4,41.5,6.5,14,0.464,2,5.5,0.364,4.5,8.5,0.529,0.536,2.5,5.3,0.476,0.5,2.8,3.3,3,2.5,0.3,4,2.8,17.5
303,PHO,C,28,9,0,20.1,4,7.3,0.545,0.6,1.7,0.333,3.4,5.7,0.608,0.583,2,2.2,0.9,1.2,3.3,4.6,1.4,0.9,0.8,0.6,1.6,10.6
304,LAC,SG,25,70,13,27.4,4.1,9.1,0.449,2.7,6,0.449,1.4,3.1,0.449,0.598,1,1.1,0.896,0.3,3,3.3,2.1,0.6,0.1,0.9,1.4,11.9
305,PHI,SF,24,2,0,3,0.5,1,0.5,0,0.5,0,0.5,0.5,1,0.5,0,0,0,0.5,0.5,1,0.5,0.5,0,1,0.5,1
305,DET,SF,24,9,0,21.2,3.6,7.8,0.457,0.7,2.2,0.3,2.9,5.6,0.52,0.5,0.8,1.4,0.538,1.3,4,5.3,1.1,1,1.2,1,2.8,8.6
306,DAL,SF,28,4,0,4.8,0,1.3,0,0,1,0,0,0.3,0,0,0.3,0.5,0.5,0,1.3,1.3,0,0,0,0.3,1,0.3
307,SAC,SF,22,10,0,10.4,1.5,4.7,0.319,0.8,2.7,0.296,0.7,2,0.35,0.404,0.7,1,0.7,0,1.2,1.2,0.9,0.2,0.1,0,1.4,4.5
308,WAS,SF,22,77,36,23.4,3,6.7,0.455,1.5,4.2,0.35,1.6,2.5,0.629,0.564,0.7,0.8,0.871,0.7,2,2.7,1.1,0.5,0.3,0.6,1.2,8.2
309,DAL,PF,30,59,21,24.6,2.4,6,0.398,1.4,4.3,0.325,1,1.7,0.586,0.516,0.8,1.1,0.708,1.2,4.7,5.9,1.2,0.5,1,0.8,2.3,7
310,DAL,PG,30,5,0,13,2,5,0.4,0.8,3.4,0.235,1.2,1.6,0.75,0.48,1.6,1.6,1,0,1.6,1.6,1.6,0.2,0,0.8,1,6.4
311,MIN,PF,24,37,2,7.2,1.2,2.4,0.511,0.1,0.4,0.308,1.1,2,0.547,0.534,1.2,1.6,0.733,0.9,1.4,2.3,0.6,0.2,0.2,0.5,1.1,3.7
312,NYK,SF,22,13,0,8.5,1.2,3.1,0.375,0.8,2.2,0.357,0.4,0.9,0.417,0.5,0.5,0.8,0.7,0.6,1.1,1.7,0.2,0.2,0.1,0.4,0.4,3.6
312,ATL,SF,22,17,0,6.5,0.9,2.6,0.356,0.3,1.5,0.192,0.6,1.1,0.579,0.411,0.5,0.7,0.75,0.4,0.9,1.3,0.4,0.1,0.1,0.1,0.8,2.7
313,MEM,SG,25,72,7,17.9,1.9,3.6,0.515,0.7,1.8,0.413,1.2,1.9,0.61,0.615,0.4,0.7,0.551,1.2,3.4,4.6,1.5,0.6,0.3,0.4,1.3,4.8
314,PHI,SG,24,67,19,21.1,2.7,7,0.387,1.1,4,0.289,1.6,3,0.515,0.469,1,1.3,0.81,0.3,2.3,2.6,1.9,0.5,0.1,0.7,0.9,7.6
315,CLE,C,26,2,0,7.5,0.5,2.5,0.2,0,0.5,0,0.5,2,0.25,0.2,1,1.5,0.667,1,0.5,1.5,0.5,0,0.5,0,0.5,2
315,MIL,C,26,1,0,3,0,1,0,0,0,0,0,1,0,0,0,0,0,1,0,1,0,0,0,0,1,0
315,BOS,C,26,12,0,7.1,1,1.8,0.571,0,0.3,0,1,1.4,0.706,0.571,0.2,0.3,0.667,0.8,1.3,2.1,0.7,0.3,0.2,0,0.6,2.2
316,OKC,SG,21,30,8,23,2.3,5.6,0.407,1.1,3.3,0.327,1.2,2.3,0.522,0.503,0.6,0.7,0.864,0.6,2.8,3.4,1.9,0.6,0.3,1,2.2,6.2
317,CHO,SF,24,2,0,2.5,0,0.5,0,0,0.5,0,0,0,0,0,0,0,0,0,0,0,0,0,0,0,0.5,0
318,GSW,SF,19,70,12,16.9,3.4,6.6,0.513,0.7,2.1,0.336,2.7,4.4,0.598,0.567,1.9,2.7,0.684,0.8,2.6,3.3,0.9,0.4,0.3,1.1,2.1,9.3
319,WAS,PF,26,66,66,33.4,6.4,14.2,0.452,1.9,5.7,0.341,4.5,8.5,0.526,0.52,2.4,3.3,0.712,1.1,7.4,8.5,3.5,0.6,0.9,2.6,1.9,17.1
320,SAS,SF,24,2,0,4,0,1,0,0,1,0,0,0,0,0,0,0,0,0,0.5,0.5,1,0,0,0,0,0
321,IND,SF,29,39,0,15.7,2.2,5.8,0.373,1,3,0.333,1.2,2.8,0.414,0.458,1.7,2.1,0.838,0.4,2,2.4,1.3,0.6,0.4,0.6,1.1,7.1
321,SAC,SG,29,17,0,18.9,2.8,7,0.403,0.9,3.1,0.302,1.9,3.9,0.485,0.471,1.3,1.5,0.846,0.6,2.9,3.5,1.8,0.5,0.5,0.8,0.9,7.9
322,SAS,C,26,54,1,10.9,1.9,3.8,0.495,0.5,1.6,0.326,1.3,2.1,0.626,0.566,0.6,0.8,0.829,1.2,1.4,2.6,0.8,0.2,0.3,0.6,1,4.9
323,BOS,SG,22,44,5,16.5,1.8,4.2,0.429,0.7,1.9,0.349,1.1,2.3,0.495,0.508,0.5,0.8,0.588,0.7,1.7,2.4,0.4,0.5,0.4,0.4,1,4.7
323,SAS,SG,22,4,0,10.8,1,1.8,0.571,0,0.5,0,1,1.3,0.8,0.571,0.8,2,0.375,0,1,1,0.5,0.3,0,0,0.3,2.8
324,CHI,SF,26,67,67,34.7,8.4,17.7,0.476,2.8,7.1,0.389,5.7,10.6,0.534,0.554,4.8,5.6,0.853,0.3,4.3,4.6,4.5,0.6,0.3,2.6,1.8,24.4
325,MIN,SF,27,34,1,6.8,0.9,2.1,0.411,0.2,1,0.229,0.6,1.1,0.579,0.466,0.4,0.5,0.722,0.2,0.9,1.1,0.3,0.2,0.1,0.3,0.4,2.4
326,GSW,SG,29,63,5,19.9,2.7,6.1,0.441,1,3,0.337,1.7,3.1,0.541,0.523,1,1.2,0.88,0.4,2.8,3.2,1,0.6,0.1,0.6,1.5,7.4
327,DET,PG,22,37,0,16.3,1.9,4.8,0.39,0.4,1.6,0.233,1.5,3.2,0.47,0.429,1.5,1.9,0.789,0.5,1.9,2.4,2.9,1,0.3,1,1.2,5.6
328,SAC,C,28,39,10,15.9,2.4,4.5,0.534,0.2,0.5,0.286,2.3,4,0.568,0.551,1.1,1.6,0.651,1.3,2.8,4.1,1.2,0.3,0.6,1.1,2.6,6
329,IND,SG,27,39,39,31.1,7.1,15.9,0.447,1.6,4.8,0.323,5.6,11.1,0.501,0.496,2.8,3.7,0.76,0.8,3.1,3.8,4.4,0.9,0.5,1.9,2.3,18.7
329,CLE,SG,27,19,10,29.8,5.3,12.2,0.435,1.1,3.5,0.313,4.2,8.7,0.485,0.481,1.8,2.5,0.745,0.7,2.7,3.4,3.9,0.8,0.3,1.7,2.1,13.6
330,NOP,PG,20,24,0,14.2,2.5,6.1,0.404,0.5,2.4,0.224,1.9,3.7,0.523,0.449,0.4,0.5,0.833,0.4,1.3,1.6,2,0.5,0,1.1,0.7,5.9
331,CHO,SG,21,2,0,3.5,0,0,0,0,0,0,0,0,0,0,0.5,1,0.5,0,0,0,0.5,0.5,0,0,0,0.5
332,POR,PG,31,29,29,36.4,7.7,19,0.402,3.2,9.8,0.324,4.5,9.2,0.485,0.486,5.5,6.2,0.878,0.4,3.7,4.1,7.3,0.6,0.4,2.9,1.3,24
333,POR,SF,21,42,23,25.9,3.5,7.5,0.46,1.2,3.7,0.331,2.2,3.8,0.584,0.541,1.6,2.2,0.734,1.4,4.2,5.6,1.3,0.6,0.9,1,2,9.8
334,DET,SF,23,19,5,20.2,2.2,4.7,0.456,1.4,3.4,0.422,0.7,1.4,0.538,0.606,0.6,0.7,0.857,0.8,2.2,3,1.1,0.7,0.4,0.8,1.9,6.4
335,GSW,C,25,82,80,21.1,2.5,4.4,0.571,0,0,0,2.5,4.4,0.573,0.571,0.9,1.5,0.6,2.5,4.7,7.3,2,0.6,0.6,0.8,2.6,6
336,MIL,C,33,13,11,22.9,4.7,10.1,0.466,1.5,4.1,0.358,3.2,6,0.538,0.538,1.5,1.8,0.87,1.5,2.6,4.1,0.5,0.6,1.2,0.9,2.6,12.4
337,ORL,C,33,36,9,17,3.1,5.5,0.553,0.1,0.2,0.333,3,5.4,0.56,0.558,0.9,1.5,0.593,1.9,1.6,3.5,1.5,0.1,0.5,1.2,1.9,7.1
338,NOP,SF,22,2,0,3.5,0,1.5,0,0,1.5,0,0,0,0,0,0,0,0,1,0,1,0.5,0,0,0,0,0
338,POR,SG,22,7,1,17.4,1.7,4.3,0.4,1.3,2.9,0.45,0.4,1.4,0.3,0.55,0.3,0.3,1,0.4,1.7,2.1,0.6,0.3,0.3,0.7,1.9,5
339,CLE,PF,33,74,4,22.5,4.4,10.3,0.43,2.5,6.4,0.392,1.9,3.8,0.493,0.553,2.2,2.7,0.838,1.2,6.1,7.2,2.2,0.4,0.2,1.3,1.4,13.6
340,MIA,PG,35,63,63,33.9,4.4,10,0.44,2.3,6.1,0.377,2.1,3.9,0.539,0.555,2.3,2.8,0.851,0.5,4,4.5,7.5,1.1,0.3,2.7,2.8,13.4
341,PHO,SG,27,4,0,11,1.3,4.8,0.263,0.8,2,0.375,0.5,2.8,0.182,0.342,0,0,0,0.5,1.3,1.8,2.8,0.8,0,0.8,1.8,3.3
342,ATL,SF,26,52,18,13.2,1.4,3.6,0.398,0.8,2.3,0.361,0.6,1.2,0.469,0.516,0.7,0.8,0.854,0.3,1.3,1.6,0.8,0.3,0.1,0.4,1.5,4.4
343,DET,PF,26,51,3,19.4,3.4,7.5,0.456,0.9,2.9,0.301,2.6,4.7,0.55,0.513,2.7,3.5,0.784,1.2,3.6,4.8,1.1,0.4,0.5,1.1,1.8,10.4
343,SAC,PF,26,24,20,22.8,3.6,7.4,0.489,1,2.6,0.365,2.7,4.8,0.557,0.553,2.4,2.8,0.851,1.2,4.4,5.6,1.3,0.3,0.3,0.8,1.3,10.6
344,OKC,PG,20,51,7,17.8,2.3,6.2,0.375,0.9,2.9,0.293,1.5,3.3,0.449,0.445,1.5,2,0.79,0.4,2.2,2.6,2.2,0.6,0.2,1.3,1.3,7.1
345,MIL,PF,22,41,3,9.9,1.4,2.8,0.496,0.5,1.3,0.423,0.9,1.5,0.556,0.591,0.4,0.5,0.818,0.9,1.1,2,0.5,0.2,0.2,0.4,0.7,3.8
346,LAC,SF,25,81,33,28.6,4.1,8.5,0.484,0.9,2.6,0.365,3.2,6,0.535,0.539,1.6,2,0.78,1.3,4,5.2,2.6,0.7,0.3,1,2.2,10.8
347,OKC,PG,20,60,26,22.8,3.9,9.8,0.393,1.6,4.5,0.36,2.2,5.3,0.421,0.476,1.1,1.4,0.793,0.4,2.4,2.9,1.5,0.8,0.2,1.2,1.7,10.4
348,DAL,C,33,23,0,5.6,1.8,3,0.6,0,0.2,0.25,1.8,2.9,0.621,0.607,0.6,1,0.591,0.3,1.3,1.7,0.1,0,0.1,0.7,1,4.3
349,CLE,PF,24,61,61,30.8,5.1,11.5,0.445,2.2,6.2,0.358,2.9,5.3,0.548,0.542,2.3,2.6,0.868,1,4.7,5.7,1.3,0.7,0.5,0.9,2.1,14.8
350,NOP,SF,24,55,4,13.4,2,4.9,0.405,0.4,1.9,0.2,1.6,3,0.537,0.444,1.3,1.7,0.796,0.7,1.9,2.6,1.1,0.6,0.1,0.8,1.3,5.7
351,MIA,SF,26,60,12,22.9,3.5,6.8,0.507,1.1,2.6,0.413,2.4,4.3,0.565,0.585,1.2,1.6,0.763,1.2,2.7,3.8,1.1,1,0.5,0.9,1.7,9.2
352,CHO,SF,26,71,11,26.3,2.9,6,0.482,0.9,2.2,0.384,2,3.7,0.542,0.554,1.1,1.5,0.701,1.2,2.9,4,2.5,1.2,0.5,0.9,1.6,7.7
353,IND,SF,26,27,1,16.4,2.6,6.2,0.417,0.8,2.7,0.297,1.8,3.5,0.511,0.482,0.3,0.5,0.692,0.6,1.4,2,0.8,0.5,0.3,0.5,1.3,6.3
353,BOS,SF,26,3,0,2,0,1,0,0,0.3,0,0,0.7,0,0,0,0,0,0.3,0.3,0.7,0,0,0,0,0,0
354,HOU,SF,21,79,2,21,3.5,6.6,0.533,0.8,2.1,0.357,2.8,4.5,0.617,0.591,1,1.6,0.634,1,2.7,3.8,1.3,0.4,0.5,0.8,1.4,8.8
355,HOU,SG,25,65,33,26.3,2.8,7.1,0.399,2.1,5.9,0.36,0.7,1.2,0.6,0.55,2.2,2.8,0.794,0.5,2.4,2.9,1,0.9,0.4,0.6,2.6,10
356,MEM,SG,26,6,0,2.7,0.3,1,0.333,0.3,1,0.333,0,0,0,0.5,0,0,0,0,0.3,0.3,0.2,0.2,0,0,0.2,1
357,MIL,SG,35,49,14,20.4,1.8,4.5,0.395,1.1,3.2,0.338,0.7,1.3,0.54,0.516,0.4,0.6,0.786,0.6,1.3,1.9,0.7,0.5,0.2,0.4,1.8,5.1
358,PHI,PG,21,75,74,35.3,6.4,13.3,0.485,1.8,4.1,0.427,4.7,9.1,0.512,0.552,2.8,3.3,0.866,0.3,2.9,3.2,4.3,0.7,0.4,1.2,2.1,17.5
359,ATL,SG,24,28,5,7.9,1.1,2.3,0.5,0.3,0.9,0.32,0.9,1.4,0.615,0.563,0.3,0.3,0.889,0.2,0.7,0.9,0.6,0.3,0,0.4,0.3,2.9
360,NYK,PG,21,40,2,9.3,0.8,2.7,0.296,0.4,1.7,0.25,0.4,1,0.375,0.375,0.2,0.3,0.667,0.1,1,1.1,1,0.4,0,0.1,1.1,2.2
361,CHI,PG,23,1,0,3,1,1,1,0,0,0,1,1,1,1,0,0,0,0,0,0,0,0,0,1,0,2
361,LAL,SG,23,1,0,22,2,5,0.4,1,3,0.333,1,2,0.5,0.5,1,1,1,0,3,3,1,1,1,2,5,6
362,POR,SG,30,36,36,35.2,8.1,18.5,0.436,3.1,8,0.384,5,10.4,0.476,0.52,1.3,1.9,0.706,0.9,3.3,4.3,4.5,1,0.6,1.9,2.1,20.5
362,NOP,SG,30,26,26,33.8,9.5,19.2,0.493,2.7,6.9,0.394,6.7,12.3,0.549,0.564,2.6,3.9,0.667,0.7,3.7,4.5,5.8,1.3,0,2.2,1.7,24.3
363,IND,PG,29,27,8,24.1,3.7,7.7,0.481,0.4,1.2,0.303,3.3,6.5,0.514,0.505,0.7,0.9,0.826,0.7,2.6,3.3,4.9,1.1,0.4,1.1,2,8.5
364,MIN,PF,21,70,31,25.8,3.6,7.9,0.46,1.1,3.6,0.317,2.5,4.3,0.579,0.532,0.8,1,0.803,1.1,3.1,4.2,1.1,0.7,0.8,1.1,3.2,9.2
365,CHO,SF,24,55,2,16.3,2.2,4.6,0.484,0.7,2,0.38,1.5,2.7,0.562,0.565,1,1.3,0.736,0.7,2.4,3.1,1.1,0.5,0.4,0.7,1.7,6.2
366,SAS,PF,30,51,51,24,4.2,9.1,0.462,2.1,5,0.422,2.1,4.1,0.512,0.578,0.8,1,0.784,0.4,1.9,2.3,1.3,0.3,0.1,0.8,1.5,11.3
367,PHO,C,34,74,17,15.8,3.9,6.2,0.629,0,0.1,0.222,3.9,6.1,0.637,0.631,1.4,2,0.699,2.2,4.5,6.7,0.6,0.3,1.1,1.3,2.4,9.2
368,POR,SF,24,3,0,15.3,1.7,4.7,0.357,0.7,2,0.333,1,2.7,0.375,0.429,0.7,0.7,1,2,3,5,1,0,0.3,0,2.3,4.7
369,DET,SG,30,51,2,14.8,1.9,4.4,0.436,1.1,2.9,0.397,0.8,1.5,0.506,0.564,0.4,0.5,0.731,0.6,1.6,2.2,0.9,0.4,0.1,0.5,1.1,5.4
370,CHI,SF,29,17,3,12.1,1.4,3.6,0.393,0.5,1.6,0.333,0.9,2,0.441,0.467,0.1,0.5,0.25,0.8,1.2,1.9,0.3,0.1,0.2,0.4,1.5,3.5
371,DAL,PG,24,4,0,2.8,0,0.5,0,0,0.3,0,0,0.3,0,0,0,0,0,0,0,0,0.5,0,0,0,0.3,0
372,MIN,PG,25,62,3,14.5,1.4,3.2,0.44,0.4,1.4,0.318,1,1.9,0.53,0.508,0.5,0.6,0.75,0.4,1.2,1.5,2.9,0.9,0.2,0.6,0.9,3.8
373,POR,SG,28,64,6,20.1,3.4,8.4,0.401,2.4,6.5,0.362,1,1.9,0.533,0.541,1.1,1.4,0.818,0.2,1.4,1.6,0.9,0.6,0.2,0.9,1.6,10.2
374,MEM,SG,23,73,15,22.7,3.8,9.5,0.404,1.9,5.1,0.374,1.9,4.4,0.44,0.504,1.2,1.6,0.75,0.9,3.6,4.5,2.7,1.4,0.5,1.5,1.8,10.8
375,MEM,SG,25,6,0,9.7,1.3,4,0.333,1.2,3.8,0.304,0.2,0.2,1,0.479,0.3,0.7,0.5,0.2,1,1.2,0.7,0,0,0.3,0.5,4.2
376,SAC,C,24,60,20,21.3,3.4,7.5,0.452,1,3.1,0.306,2.4,4.4,0.555,0.516,1.2,1.5,0.78,0.6,5,5.6,1,0.9,0.5,1,1.6,8.9
377,MIL,SF,30,66,66,32.4,6.8,15.5,0.443,2.5,6.6,0.373,4.4,8.9,0.494,0.522,3.9,4.4,0.89,0.6,4.8,5.4,5.4,1.2,0.3,2.9,2.4,20.1
378,BOS,SG,34,1,0,2,0,0,0,0,0,0,0,0,0,0,0,0,0,0,0,0,0,0,0,0,1,0
379,BRK,PG,33,81,48,29,4,9.8,0.408,2.8,7,0.4,1.2,2.8,0.429,0.551,0.6,0.7,0.814,0.2,1.7,1.9,2.3,0.6,0.2,0.9,1.4,11.4
380,BRK,PF,36,24,0,11.3,1.3,3.5,0.376,0.3,1.1,0.222,1.1,2.4,0.448,0.412,0.5,0.7,0.706,1.2,2.5,3.7,1,0.2,0.5,0.5,2,3.4
380,PHI,PF,36,9,1,11.8,1.4,3.3,0.433,0.2,0.9,0.25,1.2,2.4,0.5,0.467,0.6,0.8,0.714,1.3,1.4,2.8,0.6,0.6,0.2,0.9,2.1,3.7
381,PHI,PG,25,55,6,21.4,3.1,7.3,0.429,0.8,2.4,0.323,2.4,4.9,0.481,0.483,1.1,1.3,0.836,0.5,2,2.6,2.5,0.5,0.3,0.8,1.8,8.2
382,SAC,PG,23,75,19,27.7,4.7,11.2,0.418,1.3,4.3,0.316,3.3,7,0.48,0.477,0.7,1.1,0.659,0.4,1.8,2.2,4.2,0.7,0.3,1.5,1.9,11.5
383,UTA,SG,25,67,67,33.8,9.2,20.5,0.448,3.5,9.8,0.355,5.7,10.8,0.533,0.533,4,4.7,0.853,0.8,3.4,4.2,5.3,1.5,0.2,3,2.4,25.9
384,CLE,PF,20,69,69,33.8,6.1,12,0.508,0.3,1.3,0.25,5.8,10.7,0.541,0.522,2.4,3.7,0.663,2.1,6.2,8.3,2.5,0.8,1.7,1.9,2.1,15
385,LAL,SG,23,76,37,28.1,5.1,10.9,0.473,2.3,5.8,0.391,2.9,5.1,0.568,0.578,1.2,1.5,0.795,0.5,2.9,3.4,2.9,0.8,0.4,1.6,1.8,13.8
386,MIN,C,31,4,0,20.3,3.3,5.5,0.591,0,0,0,3.3,5.5,0.591,0.591,0.8,1.8,0.429,1.5,4.5,6,4,1,1.5,1.8,2.3,7.3
386,WAS,C,31,2,0,9,2,4,0.5,0,0,0,2,4,0.5,0.5,0,0,0,3.5,1.5,5,0.5,0.5,0.5,1,1,4
386,MIL,C,31,5,0,14,2.2,4.4,0.5,0,0,0,2.2,4.4,0.5,0.5,1,1.8,0.556,2.2,2,4.2,0.4,0.6,0.4,0.6,1.4,5.4
386,UTA,C,31,3,0,8.7,1.3,1.7,0.8,0,0,0,1.3,1.7,0.8,0.8,1.3,2.3,0.571,2,1,3,1,0,0.3,0,2,4
387,GSW,SG,19,52,11,11.7,1.5,3.5,0.437,0.8,2.1,0.364,0.8,1.4,0.548,0.546,0.5,0.7,0.778,0.3,1.2,1.5,0.4,0.1,0.2,0.3,0.8,4.4
388,LAC,SG,27,10,0,13.7,2.5,5.1,0.49,0.5,1.4,0.357,2,3.7,0.541,0.539,0.3,0.5,0.6,0.2,1.2,1.4,2.4,0.7,0.3,0.6,0.9,5.8
389,NYK,SG,24,1,0,2,0,1,0,0,1,0,0,0,0,0,0,0,0,0,0,0,0,1,0,1,0,0
390,MEM,PG,22,57,57,33.1,10.2,20.6,0.493,1.5,4.5,0.344,8.6,16.2,0.534,0.53,5.5,7.3,0.761,1.4,4.4,5.7,6.7,1.2,0.4,3.4,1.5,27.4
391,TOR,PF,24,1,0,27,2,3,0.667,1,2,0.5,1,1,1,0.833,0,0,0,2,2,4,1,0,0,0,3,5
391,BOS,PF,24,1,0,4,0,0,0,0,0,0,0,0,0,0,0,0,0,0,0,0,0,0,0,0,0,0
392,SAS,SG,26,3,0,5.3,0,2,0,0,0.7,0,0,1.3,0,0,0.7,1.3,0.5,0,0.7,0.7,0.7,0,0,0.3,0.7,0.7
393,LAC,PF,32,54,54,29,5.6,12.8,0.434,1.9,5.1,0.367,3.7,7.7,0.478,0.507,2.4,2.7,0.872,0.5,3.9,4.4,2.1,0.5,0.3,1.3,2.1,15.4
394,MIA,PF,32,17,1,17.5,3.2,6.7,0.474,0.8,2.3,0.333,2.4,4.4,0.547,0.531,0.5,0.5,0.889,1,1.6,2.6,1.4,0.4,0.1,1.2,1.9,7.6
395,DEN,PG,26,75,74,29.9,5,10.3,0.484,1.7,4.2,0.395,3.3,6.1,0.545,0.564,1,1.1,0.869,0.4,2.7,3,4.4,0.7,0.2,1,1.2,12.6
396,SAC,PG,25,2,0,5.5,0,1,0,0,0,0,0,1,0,0,1.5,2,0.75,0,0,0,2,0.5,0,0.5,0.5,1.5
397,ORL,PG,27,15,2,13,1.3,4.5,0.299,0.9,3.1,0.283,0.5,1.4,0.333,0.396,0.1,0.1,1,0.1,1.3,1.4,0.2,0.3,0.1,0.5,0.8,3.7
397,MIA,PG,27,2,1,22,2,5,0.4,2,4,0.5,0,1,0,0.6,1,1,1,0,1.5,1.5,1,0,0.5,0,0.5,7
398,SAC,SG,24,1,0,1,0,0,0,0,0,0,0,0,0,0,0,0,0,0,0,0,0,0,0,0,0,0
399,NOP,SF,21,62,1,13.9,1.8,4.5,0.394,1.1,3,0.382,0.6,1.5,0.418,0.522,0.7,0.8,0.882,0.8,1.6,2.4,0.6,0.4,0.1,0.3,1,5.4
400,SAS,PG,25,68,68,34.8,8.4,18.3,0.462,1.4,4.3,0.327,7,13.9,0.504,0.5,2.9,3.6,0.794,1.2,7.1,8.3,9.2,2,0.3,2.6,2,21.1
401,OKC,C,30,43,0,13.8,2.6,5.8,0.456,1.6,3.8,0.429,1,2,0.506,0.597,1.1,1.3,0.842,0.5,2.5,3,0.5,0.4,0.6,0.3,1.3,8
402,TOR,SF,24,56,5,12.8,1.6,4.2,0.389,0.7,2.4,0.306,0.9,1.8,0.5,0.476,0.6,0.7,0.865,0.4,1.3,1.6,0.8,0.5,0.1,0.6,1,4.6
403,PHO,SF,28,14,0,10.4,0.9,2.5,0.343,0.3,1,0.286,0.6,1.5,0.381,0.4,0.4,0.7,0.6,0.3,1.6,1.9,0.5,0.6,0.3,0.8,1.4,2.4
404,POR,PF,29,37,11,23.2,2.8,5.4,0.515,0.5,1.7,0.306,2.2,3.7,0.61,0.563,0.9,1.3,0.653,1.6,4.1,5.6,2,1,0.4,0.7,1.8,6.9
404,NOP,PF,29,9,0,20.2,3,5.4,0.551,0.4,0.9,0.5,2.6,4.6,0.561,0.592,0.9,0.9,1,1.6,2.8,4.3,0.9,0.6,0.8,1.1,1.9,7.3
405,CLE,SG,22,14,0,4.5,0.4,1.3,0.333,0,0.1,0,0.4,1.1,0.375,0.333,0.2,0.3,0.75,0.2,0.3,0.5,0.9,0.1,0,0.2,0.1,1.1
406,BOS,SF,22,52,3,11,1.4,3.5,0.396,0.6,2.2,0.27,0.8,1.3,0.612,0.481,0.4,0.5,0.808,0.3,1.4,1.7,0.4,0.4,0.1,0.6,1.3,3.8
407,WAS,PG,29,70,19,19.6,2.9,6.3,0.463,0.5,1.7,0.292,2.4,4.6,0.526,0.502,1.2,1.5,0.769,0.2,1.7,1.9,3.1,0.8,0,1.1,1.5,7.5
408,CLE,PG,24,1,0,8,3,5,0.6,0,1,0,3,4,0.75,0.6,2,2,1,0,1,1,1,0,0,1,0,8
409,PHI,PF,28,76,7,22.8,3.2,7.4,0.437,2.1,5.1,0.403,1.2,2.3,0.511,0.575,0.7,0.8,0.881,0.3,2.3,2.7,1.3,0.4,0.2,0.8,2.5,9.2
410,HOU,SG,19,24,0,10.9,1.1,2.8,0.403,0.3,1.1,0.269,0.8,1.7,0.488,0.455,0.7,1.3,0.533,0.3,1.1,1.4,1.7,0.6,0,1.1,0.9,3.2
411,DEN,PF,21,41,1,17,2.3,4.5,0.516,0.9,2,0.463,1.4,2.6,0.557,0.616,1,1.6,0.631,1.4,2.2,3.6,0.4,0.4,0.3,0.6,1.9,6.6
412,NYK,C,27,25,11,22.5,1.3,2.4,0.533,0,0.1,0,1.3,2.3,0.561,0.533,0.8,1.2,0.7,1.9,3.7,5.6,0.9,1.2,1.2,0.8,2.7,3.4
413,MIN,SG,22,62,1,15.7,3.2,6.7,0.475,1,2.6,0.394,2.1,4.1,0.526,0.551,1.2,1.5,0.783,0.4,1.6,2,2.1,0.4,0.2,0.6,1.2,8.5
414,DAL,PG,23,58,5,11.8,1.5,3.8,0.399,0.7,1.9,0.342,0.9,1.9,0.455,0.484,0.4,0.4,0.96,0.2,1.2,1.4,1.2,0.5,0.1,0.5,1.1,4.1
415,POR,C,27,56,56,28.2,5.7,10.7,0.535,0.3,1,0.268,5.5,9.7,0.563,0.548,3.3,4.8,0.69,3,8.1,11.1,2.8,1.1,0.6,2.6,3.4,15
416,HOU,SF,29,46,4,13.2,1.8,3.8,0.483,0.3,1.1,0.306,1.5,2.8,0.551,0.526,1,1.5,0.716,0.9,2.4,3.3,0.8,0.6,0.4,0.5,1.2,5.1
417,MIL,SF,23,62,13,19.1,3,7.5,0.403,1.3,3.7,0.348,1.7,3.8,0.455,0.488,0.6,0.7,0.837,0.6,3,3.6,1,0.4,0.3,0.9,1.3,7.9
418,UTA,SF,28,77,77,31.2,2.6,5.8,0.457,1.5,4,0.389,1.1,1.8,0.609,0.591,0.6,0.7,0.804,0.8,3.9,4.8,2.5,1.1,0.4,1,2.4,7.4
419,MIL,PF,27,20,0,15.4,0.9,3.5,0.257,0.6,2.1,0.268,0.4,1.5,0.241,0.336,0.5,0.7,0.769,1.3,1.7,2.9,0.3,0.3,0.3,0.3,1.3,2.9
419,LAC,PF,27,10,0,9.8,1.2,2.9,0.414,0.4,0.9,0.444,0.8,2,0.4,0.483,1.3,1.6,0.813,0.2,1.4,1.6,0.4,0.2,0.1,0.4,0.4,4.1
420,ORL,PF,23,70,20,25,3.1,8.2,0.376,1.7,5.3,0.318,1.4,2.9,0.48,0.478,0.8,0.9,0.846,0.7,4.3,5,1.7,1.4,0.6,0.8,1.4,8.6
421,MIN,SG,23,49,6,10.5,0.9,2.1,0.404,0.3,1,0.298,0.6,1.2,0.491,0.471,0.7,1,0.686,0.6,0.8,1.4,0.5,0.5,0.2,0.5,1.1,2.7
422,ATL,C,21,48,6,20.7,3.3,4.7,0.69,0,0,0,3.3,4.7,0.69,0.69,1.7,2.3,0.727,2.4,3.5,5.9,1.1,0.6,1.3,0.9,3.1,8.2
423,CLE,SF,21,67,61,29.6,3.1,6.4,0.48,0.8,2.3,0.35,2.3,4.1,0.555,0.544,1.8,2.3,0.768,1.1,1.9,3,1.8,0.8,0.3,0.9,2.4,8.8
424,MIA,PF,22,21,0,11.6,1.4,3.3,0.435,0.4,1.2,0.346,1,2,0.488,0.5,0.4,0.5,0.727,0.5,1.4,2,0.7,0.2,0.3,0.2,1.2,3.7
425,MIA,SG,29,8,1,21.6,4.4,9.1,0.479,1.9,4.5,0.417,2.5,4.6,0.541,0.582,1.8,2.4,0.737,0.4,2.5,2.9,3.5,0.6,0.1,2,1.6,12.4
426,ATL,SF,25,2,0,21.5,5,7.5,0.667,0.5,1.5,0.333,4.5,6,0.75,0.7,1,1.5,0.667,1,2,3,1.5,0.5,0.5,0,2.5,11.5
427,DET,C,30,40,1,19.1,3.2,7.2,0.448,1,3,0.336,2.2,4.2,0.527,0.517,1.7,2.2,0.775,1.4,3.1,4.4,2.8,0.8,0.5,1.5,2.5,9.1
428,DAL,SF,24,4,0,4.5,0.5,1.3,0.4,0.3,0.5,0.5,0.3,0.8,0.333,0.5,0.5,1,0.5,0.5,1.3,1.8,0.5,0,0,0,0.5,1.8
429,UTA,SG,24,16,0,2.8,0.1,0.6,0.222,0.1,0.5,0.125,0.1,0.1,1,0.278,0,0.1,0,0.1,0.4,0.4,0.3,0,0,0.1,0.4,0.3
430,CLE,SF,26,66,3,22.2,3.7,8.7,0.432,1.9,5.4,0.357,1.8,3.2,0.559,0.544,1.3,2,0.664,0.4,1.8,2.2,2,0.8,0.2,1,1.9,10.7
431,TOR,C,22,3,0,9,1,2,0.5,0,0.3,0,1,1.7,0.6,0.5,1,1.7,0.6,0.3,1.3,1.7,0,0,0.7,0,0.3,3
432,CHO,SF,26,76,13,26.3,5.4,12.3,0.44,2.5,7.3,0.345,2.9,5,0.578,0.542,1.7,2.5,0.667,1,2.9,4,1.1,1,0.4,0.9,2.5,15
433,DET,PG,27,1,0,7,0,3,0,0,2,0,0,1,0,0,0,0,0,0,1,1,1,0,0,1,2,0
434,DET,SG,27,1,0,17,0,1,0,0,0,0,0,1,0,0,0,0,0,0,2,2,0,0,0,1,2,0
435,CLE,PG,29,24,3,6.9,0.6,1.9,0.326,0.3,1.1,0.231,0.4,0.8,0.45,0.391,0.1,0.2,0.75,0.1,0.4,0.5,1.3,0.1,0,0.3,0.5,1.6
436,BOS,PF,26,12,0,9.3,1.5,3.2,0.474,0.7,1.3,0.5,0.8,1.8,0.455,0.579,0.8,0.8,1,0.4,1.9,2.3,0.5,0.3,0.1,0.7,1.1,4.4
437,UTA,PF,25,58,3,12.7,2,4.1,0.485,0.7,1.9,0.37,1.3,2.2,0.583,0.57,1.1,1.5,0.767,0.5,1.3,1.8,0.6,0.2,0.1,0.5,0.9,5.8
438,PHO,PG,36,65,65,32.9,5.6,11.3,0.493,1,3.1,0.317,4.6,8.3,0.559,0.536,2.6,3.1,0.837,0.3,4,4.4,10.8,1.9,0.3,2.4,2.1,14.7
439,PHO,PG,27,58,12,22,4.1,10.1,0.409,1.2,3.6,0.336,2.9,6.5,0.449,0.469,1.3,1.5,0.843,0.4,2.6,3,4.9,0.7,0.3,1.8,2.1,10.8
440,PHO,PG,27,50,1,11,1.3,3.5,0.383,0.1,0.4,0.222,1.3,3.1,0.401,0.394,0.2,0.6,0.375,0.4,1.3,1.8,2,0.5,0.1,0.9,0.8,3
441,GSW,PG,29,71,16,17.6,3,4.8,0.616,0.6,1.7,0.358,2.4,3.2,0.754,0.679,0.5,0.8,0.603,1,2.5,3.5,0.9,1.4,0.3,0.6,1.8,7.1
442,UTA,C,28,3,0,6.3,1,1.7,0.6,0,0,0,1,1.7,0.6,0.6,0,0,0,1,1,2,0,0,0.3,0.7,0.3,2
443,POR,PF,21,9,1,19.7,4.3,8.7,0.5,0.3,1.8,0.188,4,6.9,0.581,0.519,1,1.7,0.6,1.7,3.4,5.1,1.3,1,0.7,1.2,3.3,10
443,IND,PF,21,1,0,10,1,1,1,0,0,0,1,1,1,1,0,0,0,0,1,1,0,0,0,0,3,2
444,DET,PF,24,13,0,13.5,1.4,3.8,0.36,1,3,0.333,0.4,0.8,0.455,0.49,0.1,0.2,0.5,0.5,2,2.5,0.5,0,0.5,0.4,0.9,3.8
445,DAL,SF,26,19,0,7.8,0.7,2.1,0.359,0.5,1.6,0.333,0.2,0.5,0.444,0.487,0.5,0.5,1,0.1,1,1.1,0.9,0.3,0.1,0.3,0.6,2.5
446,CHO,C,31,73,73,24.6,2.8,4.4,0.641,0,0,0,2.8,4.4,0.645,0.641,0.9,2.3,0.392,2.4,5.3,7.7,3.1,0.8,0.7,1.4,3.1,6.5
447,SAS,C,26,68,67,29,6,9.8,0.618,0,0,1,6,9.7,0.618,0.619,1.4,2.8,0.495,3.9,5.5,9.3,2.8,0.7,1.7,1.6,3.1,13.5
448,OKC,PF,20,61,12,20.2,3,7.5,0.408,0.9,3.2,0.289,2.1,4.2,0.498,0.47,0.6,0.8,0.7,1.2,4,5.2,2.1,0.6,0.6,1.5,1.4,7.6
449,MEM,SF,22,12,0,5.9,0.4,1.3,0.313,0.3,0.8,0.333,0.2,0.6,0.286,0.406,0,0.2,0,0.4,0.6,1,0.1,0.1,0.3,0.1,0.5,1.1
450,GSW,SG,22,76,51,30,6.2,13.9,0.448,2.8,7.6,0.364,3.5,6.3,0.55,0.548,3.2,3.5,0.925,0.4,3,3.4,4,0.8,0.3,2.5,2.7,18.5
451,HOU,PG,21,61,61,31.3,5.5,13.2,0.415,2.5,6.8,0.375,3,6.5,0.456,0.511,2,3.2,0.642,0.7,3.7,4.4,6.2,1.1,0.4,3.1,2.6,15.6
452,DEN,SF,23,9,9,29.4,4.1,11.4,0.359,1.1,5.3,0.208,3,6.1,0.491,0.408,0.6,1,0.556,1,5.6,6.6,1.9,1.1,0.2,1.3,1.8,9.9
453,GSW,PF,28,63,15,22.2,3.1,6.6,0.464,1.3,3.4,0.37,1.8,3.2,0.565,0.56,0.8,1,0.803,1.4,4.4,5.7,1.5,1.1,0.5,0.6,1.3,8.2
454,MIL,C,26,72,59,28.2,5.8,12.1,0.479,1.8,4.7,0.393,3.9,7.4,0.533,0.555,1.2,1.6,0.752,2.5,6.6,9.1,1.2,0.7,0.7,1.3,2.4,14.6
455,DAL,PF,26,34,34,29.5,6.7,14.9,0.451,1.4,5.1,0.283,5.3,9.9,0.537,0.499,4.3,5,0.865,1.9,5.8,7.7,2,0.7,1.7,1.6,2.6,19.2
455,WAS,PF,26,17,17,28.2,7.2,15.2,0.475,1.7,4.6,0.367,5.5,10.6,0.522,0.531,5.9,6.8,0.871,2.2,6.6,8.8,2.9,0.7,1.5,1.6,2.9,22.1
456,DET,C,23,3,0,10.3,1.7,3.7,0.455,0,0.7,0,1.7,3,0.556,0.455,0.7,0.7,1,1.3,1.7,3,0,0.3,0.3,0.3,1.3,4
457,DAL,C,30,82,71,21.9,3.3,4.9,0.671,0.2,0.5,0.351,3.1,4.4,0.703,0.687,2,2.6,0.783,2.1,2.8,4.9,1.2,0.5,0.5,0.8,2.7,8.7
458,PHI,PG,24,11,0,4.7,0.5,1.5,0.294,0.1,0.5,0.167,0.4,1,0.364,0.324,0.2,0.2,1,0.1,0.5,0.5,0.3,0.1,0,0.3,0.7,1.2
459,POR,SF,28,40,39,33.3,6.2,13.6,0.456,2.3,5.7,0.406,3.9,7.8,0.492,0.542,4,5,0.803,0.4,2.9,3.3,2.1,1,0.4,1.6,2.3,18.7
459,LAC,SG,28,5,2,25,6.4,12.6,0.508,2.6,4.8,0.542,3.8,7.8,0.487,0.611,6,7,0.857,0.6,2.2,2.8,2.8,0.4,0.8,1.4,2.8,21.4
460,SAS,SG,19,50,16,19.3,2,5.4,0.374,0.8,2.7,0.307,1.2,2.7,0.444,0.452,0.9,1.2,0.746,0.6,1.6,2.3,1.6,0.4,0.5,1.1,1.6,5.8
461,MIN,PF,27,69,8,17.1,2.6,5.7,0.454,1.2,3.3,0.376,1.3,2.3,0.565,0.564,0.9,1.2,0.756,0.4,2.1,2.5,1,0.7,0.3,0.8,1.7,7.3
462,BOS,SG,24,71,2,14.1,2.3,5.3,0.429,1.4,3.5,0.412,0.8,1.8,0.461,0.564,0.3,0.3,1,0.5,1.4,1.9,2,0.4,0.1,0.6,0.9,6.2
463,HOU,SG,24,10,0,7.4,1.5,3.3,0.455,0.9,2.4,0.375,0.6,0.9,0.667,0.591,0.4,0.4,1,0.7,0.9,1.6,0.4,0.5,0.1,0.7,0.6,4.3
464,SAC,C,22,14,0,8.6,1.2,2.7,0.447,0,0,0,1.2,2.7,0.447,0.447,0.8,1.2,0.647,1,1.2,2.2,0.4,0.1,0.6,0.4,1.3,3.2
465,NYK,PG,22,78,3,23.1,3.6,9.3,0.392,1.8,5.1,0.346,1.9,4.2,0.448,0.487,2.3,2.6,0.881,0.4,2.8,3.2,3.5,0.7,0,1.3,2.1,11.3
466,SAC,SG,20,19,0,7.1,1.3,3.1,0.414,0.3,0.9,0.278,1,2.1,0.475,0.457,0.4,0.7,0.5,0.2,0.5,0.7,0.4,0.1,0.1,0.3,0.5,3.2
467,NYK,PF,27,72,72,35.3,7.1,17.3,0.411,1.7,5.4,0.308,5.4,11.9,0.458,0.459,4.2,5.6,0.756,1.7,8.2,9.9,5.1,0.7,0.5,3.4,2.8,20.1
468,LAL,SG,23,61,19,23.2,2.4,5.2,0.459,0.9,2.7,0.317,1.5,2.5,0.616,0.542,1.6,1.9,0.839,0.7,2.4,3.2,1.8,0.5,0.3,0.7,1.4,7.3
469,ATL,SF,22,34,7,23.4,4.1,10.1,0.402,1.7,4.5,0.379,2.4,5.6,0.421,0.487,2.1,2.4,0.9,0.6,1.9,2.5,1.1,1,0.3,1.3,1.3,11.9
469,NYK,SF,22,15,0,14.3,1.8,4.3,0.415,0.5,2.1,0.258,1.3,2.3,0.559,0.477,1.9,2.1,0.906,0.3,1.1,1.4,0.7,0.8,0.3,0.9,1,6.1
470,DEN,SG,26,48,5,13.9,1.7,3.4,0.503,0.8,1.8,0.43,0.9,1.6,0.587,0.618,0.2,0.3,0.667,0.3,2,2.3,1.1,0.5,0.2,0.3,1.3,4.4
471,PHI,C,22,38,2,7.9,1.4,2.5,0.563,0.1,0.2,0.25,1.4,2.3,0.591,0.573,0.2,0.4,0.429,1.2,1.3,2.4,0.4,0.9,0.4,0.3,1.5,3.1
472,MIN,C,22,77,6,15.8,3,6.2,0.489,0.7,2.2,0.343,2.3,4,0.568,0.549,1.5,1.9,0.765,1.3,2.6,3.9,0.9,0.5,0.9,1.1,2.2,8.3
473,CHO,C,24,50,5,7.3,1.2,1.8,0.667,0,0,0,1.2,1.8,0.667,0.667,0.6,0.9,0.698,0.7,1,1.7,0.3,0.2,0.4,0.5,1,3
474,BOS,SG,28,44,0,24.7,3.5,7.8,0.443,1.4,3.5,0.397,2,4.3,0.481,0.534,1.4,1.6,0.859,0.6,2.3,2.8,1.5,0.8,0.5,0.9,1.9,9.7
474,SAS,SG,28,21,7,24.4,3.9,9.1,0.429,1.9,4.3,0.444,2,4.8,0.416,0.534,1.7,1.8,0.946,0.8,2.1,2.9,2.3,1,0.3,1.3,1.6,11.4
475,DEN,SG,29,67,18,22.1,2.2,5.2,0.417,1.2,3.4,0.342,1,1.8,0.563,0.53,0.5,0.7,0.727,0.3,1.4,1.7,1.3,0.8,0.1,0.8,1.8,6
476,MIA,SG,27,79,68,25.9,3.7,9.2,0.399,2.9,7.9,0.372,0.7,1.3,0.569,0.559,0.6,0.8,0.836,0.3,2.3,2.6,1.6,0.5,0.2,0.8,2.5,10.9
477,MIL,PG,24,17,0,11.6,1.1,3.4,0.316,0.6,2.2,0.27,0.5,1.2,0.4,0.404,0.1,0.1,1,0.1,0.6,0.8,1.2,0.5,0,0.6,1,2.8
477,SAC,PG,24,3,0,5,0.3,2.7,0.125,0,1,0,0.3,1.7,0.2,0.125,0,0,0,0,0.3,0.3,0.7,0,0,0.3,0.7,0.7
477,DET,PG,24,5,0,18.2,1.8,5.6,0.321,1.6,4.2,0.381,0.2,1.4,0.143,0.464,0.4,1.2,0.333,0.4,1,1.4,1.8,0.2,0.2,1,1.6,5.6
478,NYK,C,23,72,62,25.7,3.6,4.8,0.761,0,0,0,3.6,4.8,0.761,0.761,1.2,2.5,0.486,4.1,4.5,8.6,0.5,0.8,1.8,0.8,2.7,8.5
479,OKC,C,21,49,36,22.2,2.7,6.6,0.414,1.2,3.4,0.352,1.6,3.2,0.478,0.503,0.8,1.1,0.741,1.5,4.1,5.6,1,0.6,0.3,0.8,1.5,7.5
480,OKC,PF,23,45,28,21.1,3.7,7.2,0.514,1,2.2,0.444,2.7,5,0.545,0.582,1.7,2.6,0.672,1.7,3.2,4.8,1.6,0.8,0.8,1,2.4,10.1
481,LAL,PG,35,18,0,16.1,1.3,3.9,0.324,0.4,1.7,0.267,0.8,2.3,0.366,0.38,0.1,0.1,0.5,0.6,2.2,2.7,3.7,0.7,0.3,1.9,1.4,3.1
481,CLE,PG,35,21,1,19.4,2.1,5,0.429,1.1,2.8,0.397,1,2.2,0.468,0.538,0.9,1.1,0.75,0.2,2.6,2.8,4.9,0.9,0,1.6,1.5,6.2
482,NYK,PG,33,26,4,24.5,4.7,10.5,0.445,1.4,3.5,0.402,3.3,7,0.467,0.513,1.2,1.2,0.968,0.8,2.2,3,4,0.8,0.5,1.5,0.6,12
483,ORL,SG,30,63,0,23,3.5,8.8,0.397,1.2,4.2,0.292,2.3,4.6,0.493,0.467,1.8,2.1,0.862,0.3,2.2,2.6,1.8,0.4,0.2,1.2,1.1,10
484,CHO,SG,27,73,73,33.7,7.1,16,0.444,3,8.1,0.374,4.1,7.9,0.516,0.539,2.1,2.4,0.852,0.8,3.5,4.3,4.5,1.3,0.3,1.3,1.6,19.3
485,CLE,PG,31,34,8,28.5,4.4,12.1,0.363,1.7,5.1,0.339,2.6,7,0.38,0.434,2.6,3,0.854,0.4,3.7,4.1,6.6,1.4,0.2,2.6,2.2,13.1
486,MIN,PG,25,65,65,32,6.2,15,0.411,2.7,8,0.34,3.5,7,0.492,0.502,3,3.7,0.825,0.4,2.9,3.3,7.1,1,0.3,2.5,2,18.1
487,BOS,SF,24,1,0,5,1,5,0.2,1,5,0.2,0,0,0,0.3,0,0,0,0,0,0,0,1,0,0,0,3
488,IND,C,25,47,46,34.7,7,12.1,0.58,0.7,2.3,0.324,6.3,9.9,0.639,0.61,4.1,5.5,0.74,3.3,8.8,12.1,5,1,0.5,3,3.1,18.9
488,SAC,PF,25,15,15,33.6,7.5,13.5,0.554,0.3,1.1,0.235,7.2,12.3,0.584,0.564,3.7,4.9,0.743,3.1,9.3,12.3,5.8,0.9,0.3,3.5,3.8,18.9
489,OKC,C,22,22,2,19.1,2.6,4.6,0.574,0.6,1.3,0.448,2,3.3,0.625,0.639,1.1,1.3,0.828,1.5,2.7,4.2,0.9,0.3,0.7,1,2.4,7
490,NOP,SG,30,32,3,15,1,3.3,0.299,0.2,1,0.161,0.8,2.4,0.355,0.322,0.6,0.8,0.76,0.6,1.4,2,2.4,0.4,0,0.7,1,2.8
490,SAS,SG,30,1,0,9,0,0,0,0,0,0,0,0,0,0,3,4,0.75,0,1,1,0,0,0,0,0,3
490,WAS,SG,30,22,10,18.9,1.8,3.8,0.476,0.3,1,0.273,1.5,2.8,0.548,0.512,1,1.1,0.84,0.4,2.4,2.8,4.9,0.7,0.2,1,1.7,4.9
491,WAS,SG,23,4,0,7.5,0.3,2.8,0.091,0.3,1.5,0.167,0,1.3,0,0.136,0.5,0.5,1,0.5,1.5,2,0,0.3,0,0.3,0,1.3
492,ORL,SF,24,38,1,12.3,1.4,3.4,0.419,0.7,2.1,0.329,0.7,1.3,0.56,0.519,0.3,0.4,0.8,0.4,1.9,2.3,0.7,0.1,0.1,0.6,1.5,3.8
493,BOS,SG,28,49,25,29.2,5.2,11.9,0.44,1.4,3.9,0.349,3.9,8,0.485,0.497,2.5,3,0.848,0.6,2.8,3.3,4.2,0.8,0.1,2.1,2.4,14.4
493,HOU,PG,28,15,4,26.9,3.7,9.3,0.393,1.3,3.9,0.328,2.4,5.5,0.439,0.461,2.3,2.6,0.872,0.4,2.9,3.3,5.9,0.8,0.2,2.6,2.5,10.9
494,CLE,SF,25,2,0,5.5,1.5,3,0.5,0,0.5,0,1.5,2.5,0.6,0.5,0,0,0,0.5,0.5,1,0,0.5,0.5,0,1,3
495,LAC,SG,21,18,0,6.7,1,2.6,0.391,0.3,1.2,0.286,0.7,1.4,0.48,0.457,0.4,0.6,0.7,0.1,0.8,0.9,0.4,0.2,0.2,0.4,0.5,2.7
496,NYK,SG,27,3,0,6.3,0.3,1.3,0.25,0.3,0.7,0.5,0,0.7,0,0.375,0.7,1.3,0.5,0,0.3,0.3,0.3,0,0,0,0.3,1.7
497,HOU,C,19,72,13,20.7,3.5,7.3,0.474,0.4,1.6,0.248,3.1,5.7,0.539,0.502,2.3,3.2,0.711,1.9,3.5,5.5,2.6,0.8,0.9,2,3,9.6
498,CLE,SG,23,11,11,28.7,6.2,13.7,0.45,1,4.1,0.244,5.2,9.6,0.538,0.487,2.6,3.5,0.744,1.2,2.1,3.3,2.1,0.9,0,2.8,2.3,16
499,PHO,SG,24,69,14,20.8,2.8,7,0.394,1.8,4.8,0.368,1,2.2,0.45,0.521,1,1.2,0.84,0.2,1.6,1.8,1.6,0.4,0.1,0.6,1.3,8.3
500,BRK,PF,20,32,8,12.2,2.7,4.7,0.577,0.1,0.2,0.286,2.6,4.4,0.592,0.584,0.8,1.3,0.585,2.5,2.5,5,0.5,0.3,0.5,0.9,1.9,6.2
501,TOR,PF,27,68,68,37.9,8.8,17.8,0.494,1.1,3.2,0.344,7.7,14.5,0.527,0.525,4.2,5.6,0.749,1.9,6.6,8.5,5.3,1.3,0.6,2.7,3.3,22.8
502,MIN,PF,25,1,0,3,0,0,0,0,0,0,0,0,0,0,0,0,0,0,1,1,0,0,0,0,0,0
502,MIA,PF,25,9,0,9.8,0.9,1.7,0.533,0,0,0,0.9,1.7,0.533,0.533,1.1,1.3,0.833,1.4,2.4,3.9,0.8,0,0.1,0.9,2.2,2.9
503,CHI,C,22,9,0,3.9,0.4,1.7,0.267,0.1,0.6,0.2,0.3,1.1,0.3,0.3,0.9,1.2,0.727,0.6,0.6,1.1,0,0.1,0.1,0.2,0.7,1.9
504,POR,SG,22,57,30,29.5,6.2,14,0.443,3.1,7.8,0.405,3.1,6.2,0.49,0.555,1.8,2,0.888,0.5,2.2,2.6,3.9,0.5,0.1,2,1.9,17.3
505,OKC,PG,24,4,4,43.5,4.8,13,0.365,0.3,2,0.125,4.5,11,0.409,0.375,1.3,1.3,1,0.5,4.8,5.3,7.5,1.3,1,2.5,3.8,11
506,NYK,PF,23,41,5,13.5,1,1.3,0.722,0,0,0,1,1.3,0.722,0.722,0.3,0.7,0.414,1.5,2.6,4.1,0.5,0.3,0.5,0.5,1.6,2.2
507,DET,SG,21,3,0,9,0.3,3.3,0.1,0.3,2.3,0.143,0,1,0,0.15,0,0,0,0,2,2,0.3,1,0.3,0,1.3,1
508,MIL,PG,22,13,1,12.3,0.8,3.3,0.256,0.3,1.4,0.222,0.5,1.9,0.28,0.302,0.4,0.5,0.833,0.3,1.2,1.5,1.1,0.3,0.2,0.7,0.8,2.4
508,MIA,PG,22,4,0,10,2,4.3,0.471,1,2.3,0.444,1,2,0.5,0.588,0,0,0,0.3,1,1.3,0.5,0.5,0.3,0.5,0.3,5
509,BOS,PG,27,71,71,32.3,4.2,10.1,0.418,1.7,5.1,0.331,2.5,5,0.506,0.501,2,2.5,0.793,0.6,3.2,3.8,5.9,1.7,0.3,2.2,2.3,12.1
510,POR,PG,24,37,4,17.2,2.1,5.1,0.418,0.2,0.7,0.222,2,4.4,0.451,0.434,1.1,1.7,0.656,0.5,1.8,2.4,3.6,1.2,0.3,1.4,1.4,5.6
511,CHO,PG,33,37,1,13.8,2,5,0.395,0.3,0.7,0.4,1.7,4.3,0.394,0.422,0.3,0.5,0.632,0.3,1.2,1.5,2.6,0.5,0.3,1,0.9,4.5
511,WAS,PG,33,28,0,22,4,8.8,0.457,0.5,1.5,0.357,3.5,7.3,0.478,0.488,0.1,0.2,0.6,0.5,2.5,3,5.2,1,0.5,1.5,1.6,8.6
512,PHO,PF,21,29,4,13.2,2.2,4.7,0.46,0.3,1.3,0.231,1.9,3.4,0.551,0.493,1.4,1.8,0.769,1.9,2.9,4.8,0.2,0.2,0.6,0.8,1.8,6
512,IND,PF,21,22,4,24.7,5.1,9.7,0.531,1.4,3.8,0.373,3.7,5.9,0.631,0.603,1.7,2.3,0.76,2.1,5.5,7.6,0.8,0.4,1,0.9,2,13.4
513,MEM,SF,24,2,0,4,0,1,0,0,1,0,0,0,0,0,0,0,0,0.5,0.5,1,0,0,0,0,1,0
513,UTA,SF,24,7,0,4.4,0.3,1.1,0.25,0.1,0.9,0.167,0.1,0.3,0.5,0.313,0,0,0,0.1,0.4,0.6,0.1,0,0,0,0,0.7
514,POR,SG,30,38,10,14.4,0.9,2.6,0.371,0.6,2,0.32,0.3,0.6,0.545,0.495,0.1,0.1,1,0.3,1.6,1.9,0.5,0.2,0.2,0.3,1.2,2.6
514,NOP,SG,30,15,2,18.5,2.2,4.9,0.446,1.4,3.5,0.396,0.8,1.4,0.571,0.588,0.1,0.1,1,0.3,1.7,2.1,0.5,0.5,0.1,0.5,1.7,5.9
515,PHI,SG,19,2,0,3,0.5,0.5,1,0,0,0,0.5,0.5,1,1,0,0,0,0.5,0.5,1,0,0,1,0.5,0,1
516,DET,SG,22,9,1,17.2,2.1,5.1,0.413,0.4,1.9,0.235,1.7,3.2,0.517,0.457,1.1,1.1,1,0.6,1.6,2.1,0.4,0.6,0.2,0.7,1.9,5.8
517,MIA,SG,28,2,0,12,1.5,4,0.375,1,2,0.5,0.5,2,0.25,0.5,1.5,2,0.75,0.5,1,1.5,0.5,0,0,0,0.5,5.5
517,BOS,SG,28,6,0,2.5,0.3,1,0.333,0.3,1,0.333,0,0,0,0.5,0.2,0.3,0.5,0,0,0,0.2,0,0,0.2,0,1.2
518,ATL,SF,31,6,0,11.7,0.8,2.2,0.385,0,0.5,0,0.8,1.7,0.5,0.385,0.2,0.3,0.5,0.2,2.3,2.5,1.8,0,0,0.7,1.3,1.8
518,IND,SG,31,40,1,18.6,3.6,7.8,0.458,0.7,2.2,0.31,2.9,5.6,0.516,0.502,1.6,2,0.795,0.3,2.5,2.8,3.9,0.6,0.1,1.7,2.2,9.3
519,CLE,PF,24,63,13,16.1,2.5,5.1,0.489,0.3,1,0.277,2.2,4,0.543,0.517,0.8,1.2,0.707,0.7,1.9,2.6,0.7,0.5,0.3,0.7,1.7,6.1
520,DET,C,20,71,71,25.6,3.5,6.9,0.51,0.2,0.6,0.326,3.3,6.3,0.529,0.526,1,1.5,0.718,3.2,5.5,8.7,1.2,0.3,1.1,1.2,3,8.3
521,MIA,SF,25,68,16,23.3,3.7,8.3,0.441,2.7,6.5,0.41,1,1.8,0.557,0.602,0.6,0.8,0.792,0.4,2.6,3,1.4,0.4,0.2,0.8,1.7,10.6
522,ORL,PG,20,48,45,27.2,4.1,11.4,0.361,0.9,4.1,0.214,3.3,7.3,0.443,0.4,2.6,3.4,0.773,0.5,3,3.6,4.4,1.2,0.4,3,3,11.8
523,WAS,SG,28,3,0,6.3,1,1.3,0.75,0,0.3,0,1,1,1,0.75,0,0,0,0,0,0,0.3,1.3,0,0.3,2.3,2
524,IND,PG,28,32,11,17.7,2.2,5.9,0.363,0.8,2.8,0.3,1.3,3.1,0.42,0.434,0.5,0.5,0.882,0.3,1.2,1.4,1.9,0.4,0.1,1,1.6,5.6
525,HOU,SF,26,78,77,26.4,4.7,9.3,0.498,0.8,2.6,0.312,3.8,6.8,0.569,0.541,1.7,2.4,0.707,1.7,3.7,5.4,2.8,0.9,0.5,1.8,3.7,11.8
526,BOS,SF,23,76,76,35.9,9.3,20.6,0.453,3,8.6,0.353,6.3,12,0.524,0.526,5.3,6.2,0.853,1.1,6.9,8,4.4,1,0.6,2.9,2.3,26.9
527,IND,SG,22,33,7,21.6,4.1,6.7,0.614,0.4,1.2,0.316,3.7,5.5,0.676,0.641,1.1,1.5,0.706,2.9,2.3,5.2,1.2,0.4,0.2,0.7,1.8,9.6
528,NOP,SG,35,59,16,18.6,1.9,5,0.376,1,3.1,0.319,0.9,1.9,0.473,0.476,0.5,0.7,0.683,0.5,1.9,2.4,1.3,0.7,0.4,0.7,1.4,5.2
529,PHO,PF,25,3,0,6,0,1.7,0,0,0,0,0,1.7,0,0,0,0,0,2.7,2.3,5,0.7,0.3,0,1.7,1.3,0
530,MEM,PG,21,2,0,1.5,0.5,0.5,1,0,0,0,0.5,0.5,1,1,0,0,0,0,0,0,0,0,0,0,0.5,1
531,MEM,C,24,3,0,2.7,0,0.3,0,0,0,0,0,0.3,0,0,0,0.7,0,0,0.7,0.7,0.3,0.3,0,0,0.3,0
532,HOU,C,29,26,21,22.5,3.2,6.9,0.469,0.9,3,0.291,2.3,3.8,0.61,0.534,1,1.5,0.675,1.2,3.8,5,0.8,0.4,0.7,1.2,2.4,8.4
532,BOS,C,29,21,6,18.7,3.2,5.3,0.598,0.5,1.3,0.357,2.7,4,0.679,0.643,1,1.5,0.688,1.3,3.4,4.7,1,0.4,0.7,0.7,2.3,7.9
533,BOS,SG,25,12,0,5,0.7,1.5,0.444,0.2,0.8,0.222,0.5,0.8,0.667,0.5,0.3,0.4,0.6,0.2,0.7,0.8,0.9,0.1,0.1,0.5,0.6,1.8
534,BRK,SG,20,67,2,17.6,3.3,7.5,0.433,0.7,2.6,0.27,2.6,4.9,0.52,0.48,1.3,1.6,0.829,0.2,2.2,2.4,1.2,0.5,0.1,0.8,1,8.5
535,LAL,PG,32,4,1,25.3,3,9.8,0.308,1.3,5.5,0.227,1.8,4.3,0.412,0.372,2,2.8,0.727,0.3,1.8,2,1.5,0,0.5,1.3,3,9.3
535,DAL,PG,32,1,0,13,3,8,0.375,0,3,0,3,5,0.6,0.375,0,0,0,0,0,0,4,0,0,0,0,6
535,CHO,PG,32,17,0,12.9,3.1,7.1,0.433,1.4,3.4,0.397,1.7,3.6,0.468,0.529,0.8,0.9,0.933,0.2,1.1,1.2,1.4,0.4,0.2,0.6,1.3,8.3
536,CHI,SG,27,40,0,11.5,1.4,3.4,0.41,0.9,2.3,0.385,0.5,1.1,0.465,0.541,0.4,0.5,0.8,0.1,1.2,1.3,0.5,0.2,0.1,0.2,0.5,4
537,GSW,SG,31,32,32,29.4,7.7,17.9,0.429,3.6,9.3,0.385,4.1,8.7,0.477,0.529,1.4,1.6,0.902,0.5,3.4,3.9,2.8,0.5,0.5,1.3,1.7,20.4
538,SAC,PF,30,30,3,15.2,2.5,5,0.503,0,0,1,2.5,5,0.5,0.507,1.1,2,0.533,2.4,3,5.4,0.6,0.4,0.4,1,1.7,6.2
538,IND,PF,30,4,0,16.5,3.3,6,0.542,0,0,0,3.3,6,0.542,0.542,0.8,2,0.375,1.8,2.8,4.5,0.5,0,0.5,1,1.8,7.3
538,CHI,PF,30,23,3,16.3,2.3,4,0.565,0,0.1,0,2.3,3.9,0.578,0.565,1.1,2.1,0.542,1.8,3,4.7,0.6,0.5,0.3,0.5,1.7,5.7
539,CHO,PF,19,33,0,7.9,0.7,1.7,0.436,0.2,0.8,0.259,0.5,0.8,0.607,0.5,0.4,0.6,0.6,0.3,1,1.3,0.6,0.2,0.3,0.3,0.8,2
540,PHI,SG,24,66,50,25.5,2.3,4.5,0.5,0.7,2.2,0.313,1.6,2.4,0.673,0.575,0.5,0.7,0.791,0.6,1.7,2.3,1.1,1.7,1.1,0.6,2.4,5.7
541,MEM,C,23,36,3,12.8,1.2,3.5,0.339,0.8,2.4,0.314,0.4,1.1,0.39,0.445,0.1,0.2,0.625,0.6,1.1,1.7,0.6,0.6,0.4,0.4,1.6,3.3
542,MEM,PF,23,53,2,13.2,1.8,4.1,0.454,0.2,0.9,0.204,1.7,3.2,0.527,0.477,0.9,1.3,0.648,1.2,1.8,3,1.2,0.9,0.3,0.6,1.2,4.8
543,WAS,PF,20,12,0,6.2,0.6,2.2,0.269,0.3,1.3,0.25,0.3,0.8,0.3,0.346,0.2,0.5,0.333,0.3,0.8,1,0.3,0.3,0.2,0.3,0.3,1.7
544,NYK,PF,23,72,10,17.1,3.5,6.6,0.531,0.7,2.3,0.308,2.8,4.2,0.655,0.586,1.3,1.7,0.758,1,2.8,3.7,1.1,0.3,0.5,0.8,1.4,9
545,GSW,SF,28,73,6,13.6,1.6,3.2,0.489,0.4,1.2,0.322,1.2,2,0.588,0.549,0.5,1,0.571,0.4,2,2.4,1.7,0.7,0.2,0.9,1.6,4.1
546,MIN,C,26,74,74,33.5,8.7,16.4,0.529,2,4.9,0.41,6.6,11.5,0.58,0.591,5.2,6.3,0.822,2.6,7.2,9.8,3.6,1,1.1,3.1,3.6,24.6
547,TOR,SG,23,70,69,35,6.4,15.5,0.414,3,7.8,0.383,3.4,7.7,0.445,0.511,2.5,2.9,0.853,0.4,2.4,2.7,2,1.7,0.3,1,2.1,18.3
548,MIA,PF,36,71,70,27.9,2.9,6,0.484,1.1,2.7,0.415,1.8,3.3,0.54,0.577,0.6,0.9,0.738,1.4,4,5.5,2.1,0.8,0.2,0.9,2.3,7.6
549,DEN,SG,24,3,0,9.7,0.3,0.7,0.5,0.3,0.7,0.5,0,0,0,0.75,1,1.3,0.75,0.3,1,1.3,1.3,0.3,0,0,1,2
549,MIL,SG,24,2,0,21,2.5,3.5,0.714,1.5,1.5,1,1,2,0.5,0.929,1,1.5,0.667,1,1,2,3,1.5,0,0.5,1,7.5
550,IND,C,25,42,42,29.4,4.8,9.4,0.509,1.5,4.4,0.333,3.3,5,0.662,0.587,1.9,2.5,0.752,1.5,5.5,7.1,1,0.7,2.8,1.3,2.8,12.9
551,NOP,C,29,74,74,30.3,6.9,12.7,0.544,0.8,2.1,0.361,6.1,10.5,0.581,0.574,3.2,3.9,0.82,3.1,8.3,11.4,2.6,0.6,0.8,2.4,3.3,17.8
552,CLE,SG,28,22,0,9.3,1,2.8,0.371,0.8,2,0.409,0.2,0.8,0.278,0.516,0,0,0,0.4,1.3,1.7,0.5,0.3,0,0.5,0.8,2.9
552,UTA,SG,28,2,0,9,1,2,0.5,0.5,1.5,0.333,0.5,0.5,1,0.625,0,0,0,0,2,2,0,0.5,0,1,1.5,2.5
553,MIN,PF,22,74,67,25.4,2.9,4.9,0.587,0,0.2,0.143,2.8,4.7,0.605,0.59,1.2,1.8,0.656,2.9,5.5,8.4,1.3,1.3,0.6,1,2.4,6.9
554,TOR,PG,27,65,65,37.9,6.8,16.9,0.403,3.7,9.9,0.377,3.1,7,0.44,0.513,3,3.4,0.874,0.7,3.8,4.4,6.7,1.7,0.5,2.6,2.5,20.3
555,SAS,SF,21,71,32,27.3,4.6,10.8,0.427,1.9,5.4,0.361,2.7,5.4,0.492,0.516,1.2,1.4,0.838,0.6,3.7,4.3,1.9,1.1,0.6,0.8,2,12.3
556,MIA,PG,25,68,27,23.4,3.1,7.5,0.417,1.8,4.8,0.368,1.4,2.8,0.5,0.533,0.6,0.8,0.815,0.3,1.5,1.9,3.1,0.9,0.2,1.4,2.3,8.7
557,CHI,C,31,73,73,33.1,7.5,15.8,0.473,1.4,4.5,0.314,6.1,11.3,0.537,0.518,1.3,1.7,0.76,1.9,9.1,11,3.2,1,1,1.9,2.5,17.6
558,CLE,PF,25,51,28,19.2,1.9,4.3,0.456,1,2.8,0.359,0.9,1.5,0.64,0.574,0.4,0.6,0.667,0.6,2.3,2.9,1,0.6,0.1,0.3,1.7,5.3
559,ORL,SF,20,79,79,30.7,5.8,12.3,0.468,1.2,3.4,0.354,4.6,8.9,0.511,0.517,2.4,2.8,0.863,1.1,3.4,4.5,2.9,0.9,0.4,1.5,2.1,15.2
560,ORL,C,24,63,3,15.2,3.1,6.3,0.497,1,3.2,0.328,2.1,3.1,0.672,0.581,1.7,2,0.806,0.7,3,3.7,1.4,0.3,0.2,0.9,2,9
561,PHO,PF,27,45,0,8,0.9,2.3,0.394,0.4,1.3,0.322,0.5,1,0.489,0.486,0.2,0.3,0.583,0.6,0.6,1.2,0.3,0.4,0.1,0.3,1.1,2.4
562,NYK,PG,31,37,37,25.6,4,10,0.403,2,5.4,0.367,2.1,4.6,0.444,0.501,1.6,1.9,0.845,0.4,2.6,3,3.5,0.7,0.2,1.3,1,11.6
563,SAS,SG,23,70,6,23,4.4,10.9,0.407,1.6,5,0.314,2.9,5.9,0.487,0.48,1.7,2.1,0.784,0.3,2.3,2.6,2.2,0.6,0.3,1,1.4,12.1
564,PHO,SG,23,2,0,4,0,2,0,0,1,0,0,1,0,0,0,0,0,0,0.5,0.5,0.5,1,0,0,0.5,0
565,NOP,SG,27,6,0,12.5,1.2,3.3,0.35,0.3,1.3,0.25,0.8,2,0.417,0.4,0.2,0.8,0.2,0,1.3,1.3,0.2,0.5,0.2,0.3,1.2,2.8
566,DET,PG,26,3,3,36,2,8.7,0.231,1,4.3,0.231,1,4.3,0.231,0.288,1.3,1.3,1,0.7,2.7,3.3,7,2.3,1.3,3.7,2.7,6.3
567,IND,PG,32,22,1,13.3,1.2,3.3,0.361,0.2,0.8,0.235,1,2.5,0.4,0.389,0.9,1,0.909,0.3,1.3,1.6,2.2,0.2,0.3,1,1.9,3.5
567,WAS,PG,32,1,1,27,2,5,0.4,0,0,0,2,5,0.4,0.4,3,3,1,0,4,4,7,2,0,0,3,7
568,IND,PG,21,48,7,20.2,3.6,8.9,0.405,1.7,4.5,0.377,1.9,4.4,0.434,0.5,1,1.3,0.754,0.1,1.6,1.7,1.8,0.5,0.1,1.2,1.4,9.9
569,CHO,PF,23,65,28,27.2,3.8,8.2,0.47,1.7,4.6,0.365,2.2,3.6,0.606,0.573,0.9,1.2,0.716,1.3,3.9,5.2,2.3,0.9,0.9,1.3,2.3,10.3
570,TOR,SF,27,38,4,11.7,1.5,3.6,0.406,0.7,2.1,0.342,0.8,1.6,0.492,0.504,0.6,1.1,0.6,0.5,1.9,2.4,0.6,0.3,0.4,0.5,1,4.3
571,OKC,SG,24,25,1,18.6,2.8,7,0.406,2.1,5.8,0.363,0.7,1.2,0.621,0.557,0.2,0.2,0.8,0.2,2.7,2.9,1,0.8,0.3,0.4,1.2,8
572,TOR,PG,24,2,0,21,1.5,6,0.25,1,4.5,0.222,0.5,1.5,0.333,0.333,0,0,0,0,2,2,3.5,2,0,2,1,4
572,WAS,PG,24,1,0,8,1,2,0.5,0,0,0,1,2,0.5,0.5,0,0,0,0,0,0,0,1,0,0,2,2
573,POR,SF,21,48,10,18.1,3,5.6,0.532,0.2,0.8,0.237,2.8,4.8,0.581,0.549,1.5,2,0.755,1.2,3,4.1,1.7,0.5,0.6,0.9,2.4,7.6
574,OKC,SF,27,9,3,17.3,1.3,3.9,0.343,0.7,2.9,0.231,0.7,1,0.667,0.429,0.1,0.2,0.5,0.3,2.7,3,0.9,0.3,0.3,0.4,1.1,3.4
575,GSW,SG,25,11,0,6.6,1.1,1.9,0.571,0.1,0.5,0.2,1,1.5,0.688,0.595,0.5,0.5,1,0.2,1.1,1.3,0.5,0.1,0.1,0.3,1.4,2.7
576,LAL,PG,33,78,78,34.3,7,15.8,0.444,1,3.4,0.298,6,12.4,0.485,0.476,3.4,5.1,0.667,1.4,6,7.4,7.1,1,0.3,3.8,3,18.5
577,CHI,PG,21,61,17,27.5,4.6,10.6,0.433,2.2,5.8,0.385,2.3,4.8,0.491,0.539,1.3,1.5,0.857,0.3,2.7,3,2.9,0.5,0.2,1.1,2.2,12.7
578,SAS,SG,27,49,48,30.3,5,11.6,0.426,1.7,5.3,0.314,3.3,6.4,0.519,0.497,2.8,3.3,0.869,0.5,3,3.5,5.6,1,0.9,1.8,2.4,14.4
578,BOS,SG,27,26,4,27.4,3.6,8.8,0.409,1.3,4.3,0.306,2.3,4.6,0.504,0.483,2.5,2.9,0.853,0.5,2.9,3.4,3.5,0.6,0.6,1.2,2.2,11
579,UTA,C,32,65,8,17.9,3.3,5.1,0.652,0,0,0,3.3,5.1,0.652,0.652,1.6,2.6,0.623,2.6,5,7.6,0.4,0.3,1.6,0.8,2.8,8.2
580,SAS,SG,22,29,0,7.1,0.7,1.9,0.357,0.5,1.5,0.326,0.2,0.4,0.462,0.482,0.2,0.4,0.538,0.1,0.3,0.5,0.3,0.1,0.1,0.1,0.5,2.1
581,OKC,SG,23,50,35,24.2,3.1,6.7,0.463,0.8,2.8,0.304,2.3,4,0.573,0.525,1.2,1.7,0.729,1,2.5,3.6,1.4,0.6,0.2,1.1,1.9,8.3
582,GSW,SF,26,73,73,31.9,6.5,14,0.466,2.2,5.5,0.393,4.4,8.5,0.513,0.543,2,3.2,0.634,1.2,3.3,4.5,2.2,1,0.7,1.5,2.2,17.2
583,MIL,PG,23,19,0,10.5,1.4,3.2,0.426,0.5,1.4,0.346,0.9,1.8,0.486,0.5,1,1.8,0.543,0.2,1.2,1.3,1.2,0.3,0.1,0.6,0.9,4.2
584,POR,PG,22,24,16,26.7,4.4,11.8,0.372,1.3,4.4,0.292,3.1,7.3,0.42,0.427,2.8,4,0.701,0.8,2.3,3.1,3.9,1,0.4,2.4,2.2,12.9
585,BOS,PF,23,77,21,24.4,2.7,5.6,0.475,1.4,3.4,0.411,1.3,2.3,0.569,0.597,1.1,1.2,0.905,0.8,2.7,3.6,1,0.5,0.7,0.8,2.4,7.8
586,OKC,SF,27,49,0,21.9,3,6.5,0.461,0.8,2.5,0.339,2.1,4,0.536,0.525,0.6,1.1,0.545,1.5,3,4.5,2.2,0.9,0.2,0.9,1.7,7.4
587,ATL,PG,35,56,0,14.3,2.2,5.7,0.391,0.7,1.8,0.363,1.6,3.9,0.404,0.448,1.2,1.4,0.859,0.3,1.3,1.6,1.9,0.5,0.1,0.8,0.9,6.3
588,CHI,PF,20,17,9,24.8,3.2,6,0.529,0.9,1.7,0.517,2.3,4.3,0.534,0.603,1.8,2.4,0.732,1,3.1,4.1,0.9,0.5,0.5,0.9,1.6,9
589,BOS,C,24,61,61,29.6,4.4,6,0.736,0,0,0,4.4,6,0.738,0.736,1.1,1.5,0.722,3.9,5.7,9.6,2,0.9,2.2,1,2.2,10
590,MEM,SF,20,62,31,21.7,3.1,6.8,0.45,1.2,3.9,0.314,1.9,2.9,0.632,0.54,0.7,0.9,0.782,0.4,1.7,2.1,1,0.6,0.2,0.7,1.8,8.1
591,TOR,PF,25,4,1,13.5,2.8,3.8,0.733,0,0.5,0,2.8,3.3,0.846,0.733,2,2.5,0.8,0.3,3.8,4,1.3,1.3,0.3,0.5,1.5,7.5
592,CLE,SF,25,50,0,9.2,0.7,2,0.378,0.4,1.4,0.3,0.3,0.6,0.571,0.485,0.3,0.4,0.833,0.4,1.4,1.8,0.7,0.3,0.1,0.3,0.9,2.2
593,LAC,SF,25,37,1,12.9,1.7,3.8,0.447,0.1,0.8,0.172,1.6,3,0.518,0.465,0.7,1.1,0.61,0.8,2.8,3.6,1.4,0.6,0.5,1,1.2,4.2
593,POR,SF,25,11,10,26.8,4.3,10.5,0.405,0.9,3.4,0.27,3.4,7.2,0.468,0.448,1.3,2.3,0.56,1.8,4.5,6.3,2.9,1.3,0.6,1.1,1.9,10.7
594,WAS,PG,23,7,0,5.6,0.6,1.6,0.364,0.3,0.9,0.333,0.3,0.7,0.4,0.455,0.6,0.6,1,0,0.1,0.1,1,0,0,0.4,1.3,2
595,HOU,C,26,68,67,30.8,6.5,12.9,0.501,1.9,4.9,0.39,4.5,8,0.57,0.576,3,4.9,0.623,1.6,8.5,10.1,2.3,0.8,1,1.9,2.5,17.9
596,SAC,SF,22,12,0,3.5,0.2,1.3,0.125,0.1,0.3,0.25,0.1,1,0.083,0.156,0.2,0.2,1,0.4,0.5,0.9,0.3,0.1,0.1,0.1,0.3,0.6
597,ATL,SG,29,77,8,18.9,1.6,3.5,0.454,0.6,1.5,0.379,1,2,0.51,0.535,0.7,0.8,0.857,0.6,2.2,2.9,2.4,1.2,0.2,0.6,0.7,4.4
598,MIN,PG,23,5,0,3.8,0.4,0.6,0.667,0.2,0.4,0.5,0.2,0.2,1,0.833,0,0,0,0,0,0,0.6,0,0,0.2,0.2,1
599,LAC,PF,23,1,0,1,0,0,0,0,0,0,0,0,0,0,0,0,0,0,0,0,1,0,0,0,0,0
599,DAL,PF,23,3,0,4.3,0.3,1.3,0.25,0,0.3,0,0.3,1,0.333,0.25,1,1,1,0.3,0.7,1,0.3,0,0.3,0,0,1.7
600,IND,SG,28,2,0,10.5,1,3.5,0.286,0.5,3,0.167,0.5,0.5,1,0.357,1.5,2.5,0.6,0,1,1,2,1,0.5,0.5,2,4
601,SAS,PF,33,26,1,14.2,2.8,4.9,0.578,0,0.2,0,2.8,4.7,0.602,0.578,0.4,0.8,0.455,1.5,2,3.6,2.3,0.9,0.3,1.2,1.5,6.1
601,TOR,PF,33,26,0,18.3,2.6,5.5,0.465,0.7,1.7,0.395,1.9,3.9,0.495,0.524,0.5,1,0.481,1.5,2.9,4.4,1.7,1.2,0.4,0.8,1.7,6.3
602,ATL,PG,23,76,76,34.9,9.4,20.3,0.46,3.1,8,0.382,6.3,12.3,0.512,0.536,6.6,7.3,0.904,0.7,3.1,3.7,9.7,0.9,0.1,4,1.7,28.4
603,MIA,C,23,56,12,12.6,2.3,4.4,0.526,0,0.2,0.091,2.3,4.2,0.547,0.528,0.7,1.1,0.623,1.5,3.7,5.3,0.9,0.3,0.4,0.7,1.5,5.3
604,POR,C,29,27,0,13.1,1.9,3.3,0.567,0,0.1,0,1.9,3.2,0.593,0.567,1.4,1.8,0.776,1.9,2.8,4.6,0.8,0.3,0.2,0.7,2.1,5.2
605,LAC,C,24,76,76,24.4,4.1,6.5,0.626,0,0,0,4.1,6.5,0.626,0.626,2.2,3,0.727,2.9,5.6,8.5,1.6,0.5,1,1.5,2.7,10.3
